match_id,season_id,match_date,home_team_id,away_team_id,full_time_home_goals,full_time_away_goals,full_time_result,half_time_home_goals,half_time_away_goals,half_time_result
1,1,2015-08-08,3,2,0,1,A,0,0,D
2,1,2015-08-08,8,26,2,2,D,2,1,H
3,1,2015-08-08,10,28,2,2,D,0,1,A
4,1,2015-08-08,15,25,4,2,H,3,0,H
5,1,2015-08-08,18,27,1,0,H,1,0,H
6,1,2015-08-08,21,9,1,3,A,0,1,A
7,1,2015-08-09,1,30,0,2,A,0,1,A
8,1,2015-08-09,20,23,2,2,D,1,1,D
9,1,2015-08-09,24,16,0,1,A,0,0,D
10,1,2015-08-10,29,17,0,3,A,0,2,A
11,1,2015-08-14,2,18,0,1,A,0,1,A
12,1,2015-08-15,23,10,0,3,A,0,2,A
13,1,2015-08-15,25,21,1,3,A,0,2,A
14,1,2015-08-15,26,20,2,0,H,1,0,H
15,1,2015-08-15,27,24,2,2,D,2,0,H
16,1,2015-08-15,28,29,0,0,D,0,0,D
17,1,2015-08-15,30,15,1,2,A,0,2,A
18,1,2015-08-16,9,1,1,2,A,1,1,D
19,1,2015-08-16,17,8,3,0,H,1,0,H
20,1,2015-08-17,16,3,1,0,H,1,0,H
21,1,2015-08-22,9,2,2,1,H,0,0,D
22,1,2015-08-22,15,27,1,1,D,0,0,D
23,1,2015-08-22,18,20,0,0,D,0,0,D
24,1,2015-08-22,21,24,1,1,D,1,1,D
25,1,2015-08-22,25,26,1,1,D,0,1,A
26,1,2015-08-22,30,3,3,4,A,0,2,A
27,1,2015-08-23,10,17,0,2,A,0,0,D
28,1,2015-08-23,28,23,0,0,D,0,0,D
29,1,2015-08-23,29,8,2,3,A,1,3,A
30,1,2015-08-24,1,16,0,0,D,0,0,D
31,1,2015-08-29,2,25,2,2,D,2,1,H
32,1,2015-08-29,3,15,1,1,D,1,0,H
33,1,2015-08-29,8,9,1,2,A,0,0,D
34,1,2015-08-29,16,30,0,3,A,0,2,A
35,1,2015-08-29,17,28,2,0,H,0,0,D
36,1,2015-08-29,20,1,0,1,A,0,0,D
37,1,2015-08-29,24,29,0,1,A,0,1,A
38,1,2015-08-29,27,10,0,0,D,0,0,D
39,1,2015-08-30,23,21,3,0,H,1,0,H
40,1,2015-08-30,26,18,2,1,H,0,0,D
41,1,2015-09-12,1,24,2,0,H,1,0,H
42,1,2015-09-12,9,17,0,1,A,0,0,D
43,1,2015-09-12,10,8,3,1,H,2,1,H
44,1,2015-09-12,18,16,3,1,H,0,0,D
45,1,2015-09-12,21,3,3,1,H,1,0,H
46,1,2015-09-12,28,26,1,0,H,0,0,D
47,1,2015-09-12,29,23,0,0,D,0,0,D
48,1,2015-09-13,15,2,3,2,H,0,1,A
49,1,2015-09-13,25,27,0,1,A,0,0,D
50,1,2015-09-14,30,20,2,0,H,1,0,H
51,1,2015-09-19,2,29,0,1,A,0,1,A
52,1,2015-09-19,3,25,2,0,H,2,0,H
53,1,2015-09-19,8,1,2,0,H,0,0,D
54,1,2015-09-19,17,30,1,2,A,1,2,A
55,1,2015-09-19,20,28,1,2,A,0,2,A
56,1,2015-09-19,24,15,2,2,D,2,0,H
57,1,2015-09-19,26,10,0,0,D,0,0,D
58,1,2015-09-20,16,21,1,1,D,0,0,D
59,1,2015-09-20,23,18,2,3,A,1,1,D
60,1,2015-09-20,27,9,1,0,H,0,0,D
61,1,2015-09-26,15,1,2,5,A,1,2,A
62,1,2015-09-26,16,2,3,2,H,1,0,H
63,1,2015-09-26,18,25,3,0,H,1,0,H
64,1,2015-09-26,20,8,2,2,D,1,0,H
65,1,2015-09-26,23,26,3,1,H,1,0,H
66,1,2015-09-26,24,3,2,1,H,1,0,H
67,1,2015-09-26,27,17,4,1,H,1,1,D
68,1,2015-09-26,30,21,2,2,D,1,1,D
69,1,2015-09-27,28,9,0,1,A,0,0,D
70,1,2015-09-28,29,10,2,3,A,1,0,H
71,1,2015-10-03,2,24,0,1,A,0,0,D
72,1,2015-10-03,3,28,1,1,D,1,1,D
73,1,2015-10-03,8,23,1,3,A,1,1,D
74,1,2015-10-03,9,29,2,0,H,0,0,D
75,1,2015-10-03,17,20,6,1,H,1,1,D
76,1,2015-10-03,21,15,1,2,A,0,1,A
77,1,2015-10-03,25,30,2,2,D,2,1,H
78,1,2015-10-04,1,18,3,0,H,3,0,H
79,1,2015-10-04,10,16,1,1,D,1,1,D
80,1,2015-10-04,26,27,2,2,D,2,1,H
81,1,2015-10-17,8,2,2,0,H,1,0,H
82,1,2015-10-17,9,30,1,3,A,1,1,D
83,1,2015-10-17,10,18,0,3,A,0,2,A
84,1,2015-10-17,17,3,5,1,H,4,1,H
85,1,2015-10-17,23,15,2,2,D,2,0,H
86,1,2015-10-17,27,16,0,0,D,0,0,D
87,1,2015-10-17,28,1,0,3,A,0,0,D
88,1,2015-10-17,29,25,1,0,H,0,0,D
89,1,2015-10-18,20,21,6,2,H,3,2,H
90,1,2015-10-19,26,24,0,1,A,0,1,A
91,1,2015-10-24,1,10,2,1,H,2,1,H
92,1,2015-10-24,2,26,1,2,A,0,0,D
93,1,2015-10-24,15,9,1,0,H,0,0,D
94,1,2015-10-24,21,29,0,1,A,0,0,D
95,1,2015-10-24,24,28,0,2,A,0,1,A
96,1,2015-10-24,30,8,2,1,H,1,0,H
97,1,2015-10-25,3,27,1,5,A,1,3,A
98,1,2015-10-25,16,23,1,1,D,0,0,D
99,1,2015-10-25,18,17,0,0,D,0,0,D
100,1,2015-10-25,25,20,3,0,H,1,0,H
101,1,2015-10-31,8,16,1,3,A,1,1,D
102,1,2015-10-31,9,18,0,0,D,0,0,D
103,1,2015-10-31,17,21,2,1,H,0,0,D
104,1,2015-10-31,20,24,0,0,D,0,0,D
105,1,2015-10-31,26,1,0,3,A,0,0,D
106,1,2015-10-31,28,30,2,0,H,1,0,H
107,1,2015-10-31,29,15,2,3,A,1,0,H
108,1,2015-11-01,10,25,6,2,H,2,1,H
109,1,2015-11-01,23,3,2,0,H,2,0,H
110,1,2015-11-02,27,2,3,1,H,2,0,H
111,1,2015-11-07,3,20,0,1,A,0,1,A
112,1,2015-11-07,15,28,2,1,H,0,0,D
113,1,2015-11-07,18,29,2,0,H,0,0,D
114,1,2015-11-07,21,26,1,0,H,0,0,D
115,1,2015-11-07,24,8,1,0,H,0,0,D
116,1,2015-11-07,25,23,0,1,A,0,0,D
117,1,2015-11-07,30,10,1,1,D,1,1,D
118,1,2015-11-08,1,27,1,1,D,0,1,A
119,1,2015-11-08,2,17,0,0,D,0,0,D
120,1,2015-11-08,16,9,1,2,A,1,1,D
121,1,2015-11-21,8,21,1,0,H,0,0,D
122,1,2015-11-21,10,2,4,0,H,3,0,H
123,1,2015-11-21,17,16,1,4,A,1,3,A
124,1,2015-11-21,20,15,0,3,A,0,1,A
125,1,2015-11-21,23,24,0,1,A,0,1,A
126,1,2015-11-21,26,3,2,2,D,2,2,D
127,1,2015-11-21,28,18,1,2,A,0,1,A
128,1,2015-11-21,29,1,2,1,H,2,1,H
129,1,2015-11-22,27,30,4,1,H,2,0,H
130,1,2015-11-23,9,25,0,1,A,0,0,D
131,1,2015-11-28,2,28,2,3,A,1,1,D
132,1,2015-11-28,3,10,3,3,D,0,2,A
133,1,2015-11-28,9,20,5,1,H,3,1,H
134,1,2015-11-28,15,18,1,1,D,1,1,D
135,1,2015-11-28,17,23,3,1,H,2,0,H
136,1,2015-11-28,25,24,2,0,H,0,0,D
137,1,2015-11-29,16,26,1,0,H,0,0,D
138,1,2015-11-29,21,1,1,1,D,1,1,D
139,1,2015-11-29,27,8,0,0,D,0,0,D
140,1,2015-11-29,30,29,1,1,D,1,0,H
141,1,2015-12-05,1,25,3,1,H,1,1,D
142,1,2015-12-05,8,3,0,1,A,0,0,D
143,1,2015-12-05,18,30,0,0,D,0,0,D
144,1,2015-12-05,23,2,1,1,D,0,1,A
145,1,2015-12-05,24,17,2,0,H,2,0,H
146,1,2015-12-05,26,15,0,3,A,0,2,A
147,1,2015-12-05,28,21,2,0,H,1,0,H
148,1,2015-12-05,29,27,1,1,D,1,1,D
149,1,2015-12-06,20,16,2,0,H,0,0,D
150,1,2015-12-07,10,9,1,1,D,0,0,D
151,1,2015-12-12,3,18,2,1,H,1,1,D
152,1,2015-12-12,9,23,1,0,H,1,0,H
153,1,2015-12-12,17,26,2,1,H,1,0,H
154,1,2015-12-12,21,10,1,1,D,0,1,A
155,1,2015-12-12,25,28,0,1,A,0,1,A
156,1,2015-12-12,30,24,0,0,D,0,0,D
157,1,2015-12-13,2,1,0,2,A,0,2,A
158,1,2015-12-13,16,29,2,2,D,1,1,D
159,1,2015-12-13,27,20,1,2,A,1,0,H
160,1,2015-12-14,15,8,2,1,H,1,0,H
161,1,2015-12-19,8,25,3,1,H,2,0,H
162,1,2015-12-19,10,15,2,3,A,1,1,D
163,1,2015-12-19,18,21,1,2,A,0,1,A
164,1,2015-12-19,20,2,1,1,D,1,0,H
165,1,2015-12-19,23,27,0,2,A,0,2,A
166,1,2015-12-19,24,9,1,2,A,0,1,A
167,1,2015-12-19,29,3,1,2,A,0,0,D
168,1,2015-12-20,26,30,0,0,D,0,0,D
169,1,2015-12-20,28,16,3,0,H,2,0,H
170,1,2015-12-21,1,17,2,1,H,2,0,H
171,1,2015-12-26,2,30,1,1,D,0,1,A
172,1,2015-12-26,3,9,0,0,D,0,0,D
173,1,2015-12-26,8,28,2,2,D,1,1,D
174,1,2015-12-26,16,15,1,0,H,0,0,D
175,1,2015-12-26,17,25,4,1,H,3,0,H
176,1,2015-12-26,20,10,0,1,A,0,0,D
177,1,2015-12-26,23,1,4,0,H,1,0,H
178,1,2015-12-26,24,18,2,0,H,2,0,H
179,1,2015-12-26,26,29,1,0,H,1,0,H
180,1,2015-12-26,27,21,3,0,H,2,0,H
181,1,2015-12-28,1,3,2,0,H,1,0,H
182,1,2015-12-28,9,26,0,0,D,0,0,D
183,1,2015-12-28,10,24,3,4,A,1,2,A
184,1,2015-12-28,18,8,0,0,D,0,0,D
185,1,2015-12-28,21,2,2,0,H,1,0,H
186,1,2015-12-28,28,27,1,2,A,1,1,D
187,1,2015-12-28,29,20,1,0,H,0,0,D
188,1,2015-12-28,30,23,2,1,H,0,1,A
189,1,2015-12-29,15,17,0,0,D,0,0,D
190,1,2015-12-30,25,16,0,1,A,0,0,D
191,1,2016-01-02,1,20,1,0,H,0,0,D
192,1,2016-01-02,15,3,0,0,D,0,0,D
193,1,2016-01-02,18,26,2,1,H,0,0,D
194,1,2016-01-02,21,23,1,0,H,0,0,D
195,1,2016-01-02,25,2,3,1,H,1,0,H
196,1,2016-01-02,28,17,1,2,A,0,0,D
197,1,2016-01-02,29,24,2,1,H,0,0,D
198,1,2016-01-02,30,16,2,0,H,1,0,H
199,1,2016-01-03,9,8,0,3,A,0,1,A
200,1,2016-01-03,10,27,1,1,D,1,1,D
201,1,2016-01-12,2,9,1,0,H,0,0,D
202,1,2016-01-12,3,30,1,3,A,1,0,H
203,1,2016-01-12,20,18,3,3,D,1,2,A
204,1,2016-01-13,8,29,2,2,D,1,1,D
205,1,2016-01-13,16,1,3,3,D,2,2,D
206,1,2016-01-13,17,10,0,0,D,0,0,D
207,1,2016-01-13,23,28,2,0,H,1,0,H
208,1,2016-01-13,24,21,3,1,H,0,0,D
209,1,2016-01-13,26,25,2,4,A,2,1,H
210,1,2016-01-13,27,15,0,1,A,0,0,D
211,1,2016-01-16,2,15,1,1,D,0,1,A
212,1,2016-01-16,3,21,3,0,H,1,0,H
213,1,2016-01-16,8,10,3,3,D,0,0,D
214,1,2016-01-16,17,9,4,0,H,2,0,H
215,1,2016-01-16,20,30,2,1,H,2,0,H
216,1,2016-01-16,23,29,3,0,H,2,0,H
217,1,2016-01-16,27,25,4,1,H,1,1,D
218,1,2016-01-17,16,18,0,1,A,0,0,D
219,1,2016-01-17,24,1,0,0,D,0,0,D
220,1,2016-01-18,26,28,1,0,H,1,0,H
221,1,2016-01-23,9,27,1,3,A,1,0,H
222,1,2016-01-23,15,24,3,0,H,1,0,H
223,1,2016-01-23,18,23,0,1,A,0,0,D
224,1,2016-01-23,21,16,4,5,A,2,1,H
225,1,2016-01-23,25,3,1,1,D,1,1,D
226,1,2016-01-23,28,20,2,1,H,0,0,D
227,1,2016-01-23,29,2,0,0,D,0,0,D
228,1,2016-01-23,30,17,2,2,D,1,1,D
229,1,2016-01-24,1,8,0,1,A,0,1,A
230,1,2016-01-24,10,26,1,2,A,1,2,A
231,1,2016-02-02,1,23,0,0,D,0,0,D
232,1,2016-02-02,9,3,1,2,A,1,1,D
233,1,2016-02-02,15,16,2,0,H,0,0,D
234,1,2016-02-02,18,24,3,0,H,2,0,H
235,1,2016-02-02,21,27,0,3,A,0,2,A
236,1,2016-02-02,25,17,0,1,A,0,1,A
237,1,2016-02-02,29,26,1,1,D,0,0,D
238,1,2016-02-02,30,2,2,0,H,0,0,D
239,1,2016-02-03,10,20,3,0,H,1,0,H
240,1,2016-02-03,28,8,0,0,D,0,0,D
241,1,2016-02-06,2,21,2,0,H,1,0,H
242,1,2016-02-06,16,25,2,2,D,0,0,D
243,1,2016-02-06,17,15,1,3,A,0,1,A
244,1,2016-02-06,20,29,1,0,H,1,0,H
245,1,2016-02-06,23,30,1,0,H,1,0,H
246,1,2016-02-06,24,10,0,3,A,0,3,A
247,1,2016-02-06,26,9,1,1,D,1,0,H
248,1,2016-02-06,27,28,1,0,H,0,0,D
249,1,2016-02-07,3,1,0,2,A,0,2,A
250,1,2016-02-07,8,18,1,1,D,0,0,D
251,1,2016-02-13,3,24,1,3,A,0,1,A
252,1,2016-02-13,8,20,5,1,H,3,0,H
253,1,2016-02-13,9,28,1,2,A,1,1,D
254,1,2016-02-13,10,29,0,1,A,0,1,A
255,1,2016-02-13,21,30,2,2,D,0,0,D
256,1,2016-02-13,25,18,2,1,H,1,1,D
257,1,2016-02-13,26,23,0,1,A,0,0,D
258,1,2016-02-14,1,15,2,1,H,0,1,A
259,1,2016-02-14,2,16,0,6,A,0,2,A
260,1,2016-02-14,17,27,1,2,A,0,0,D
261,1,2016-02-27,15,21,1,0,H,0,0,D
262,1,2016-02-27,23,8,1,2,A,1,0,H
263,1,2016-02-27,24,2,2,1,H,0,0,D
264,1,2016-02-27,28,3,0,0,D,0,0,D
265,1,2016-02-27,29,9,3,2,H,3,0,H
266,1,2016-02-27,30,25,1,0,H,1,0,H
267,1,2016-02-28,27,26,2,1,H,0,1,A
268,1,2016-02-28,18,1,3,2,H,2,1,H
269,1,2016-03-01,2,10,1,3,A,0,2,A
270,1,2016-03-01,3,23,2,0,H,1,0,H
271,1,2016-03-01,15,29,2,2,D,2,1,H
272,1,2016-03-01,21,8,1,2,A,0,2,A
273,1,2016-03-01,25,9,2,2,D,1,0,H
274,1,2016-03-02,1,26,1,2,A,1,1,D
275,1,2016-03-02,16,17,3,0,H,2,0,H
276,1,2016-03-02,18,28,1,0,H,0,0,D
277,1,2016-03-02,24,20,1,0,H,0,0,D
278,1,2016-03-02,30,27,1,0,H,1,0,H
279,1,2016-03-05,8,24,1,1,D,1,0,H
280,1,2016-03-05,10,30,2,3,A,1,0,H
281,1,2016-03-05,17,2,4,0,H,0,0,D
282,1,2016-03-05,20,3,1,3,A,0,1,A
283,1,2016-03-05,23,25,1,1,D,0,0,D
284,1,2016-03-05,26,21,1,0,H,0,0,D
285,1,2016-03-05,27,1,2,2,D,0,1,A
286,1,2016-03-05,28,15,0,1,A,0,0,D
287,1,2016-03-06,9,16,1,2,A,0,0,D
288,1,2016-03-06,29,18,1,0,H,0,0,D
289,1,2016-03-12,3,26,3,2,H,1,1,D
290,1,2016-03-12,21,17,0,0,D,0,0,D
291,1,2016-03-12,24,23,1,2,A,0,2,A
292,1,2016-03-13,2,27,0,2,A,0,1,A
293,1,2016-03-14,15,20,1,0,H,1,0,H
294,1,2016-03-19,8,30,2,2,D,1,1,D
295,1,2016-03-19,9,15,0,1,A,0,1,A
296,1,2016-03-19,10,1,0,2,A,0,2,A
297,1,2016-03-19,26,2,1,0,H,0,0,D
298,1,2016-03-19,28,24,1,2,A,0,1,A
299,1,2016-03-19,29,21,0,1,A,0,0,D
300,1,2016-03-20,17,18,0,1,A,0,1,A
301,1,2016-03-20,20,25,1,1,D,0,1,A
302,1,2016-03-20,23,16,3,2,H,0,2,A
303,1,2016-03-20,27,3,3,0,H,2,0,H
304,1,2016-04-02,1,28,4,0,H,2,0,H
305,1,2016-04-02,2,8,0,4,A,0,2,A
306,1,2016-04-02,3,17,0,4,A,0,3,A
307,1,2016-04-02,16,27,1,1,D,0,0,D
308,1,2016-04-02,21,20,3,2,H,1,0,H
309,1,2016-04-02,24,26,2,2,D,1,0,H
310,1,2016-04-02,25,29,0,0,D,0,0,D
311,1,2016-04-02,30,9,2,2,D,2,1,H
312,1,2016-04-03,15,23,1,0,H,1,0,H
313,1,2016-04-03,18,10,1,0,H,0,0,D
314,1,2016-04-09,2,3,1,2,A,0,1,A
315,1,2016-04-09,9,21,1,0,H,0,0,D
316,1,2016-04-09,17,29,2,1,H,1,1,D
317,1,2016-04-09,23,20,3,1,H,2,0,H
318,1,2016-04-09,26,8,1,0,H,1,0,H
319,1,2016-04-09,28,10,1,1,D,1,1,D
320,1,2016-04-09,30,1,3,3,D,2,2,D
321,1,2016-04-10,16,24,4,1,H,2,1,H
322,1,2016-04-10,25,15,0,2,A,0,0,D
323,1,2016-04-10,27,18,3,0,H,0,0,D
324,1,2016-04-13,9,10,0,0,D,0,0,D
325,1,2016-04-16,8,17,0,3,A,0,1,A
326,1,2016-04-16,10,23,1,1,D,0,0,D
327,1,2016-04-16,18,2,1,0,H,1,0,H
328,1,2016-04-16,20,26,3,0,H,1,0,H
329,1,2016-04-16,21,25,0,3,A,0,1,A
330,1,2016-04-16,29,28,0,1,A,0,1,A
331,1,2016-04-17,1,9,1,1,D,1,0,H
332,1,2016-04-17,3,16,1,2,A,0,2,A
333,1,2016-04-17,15,30,2,2,D,1,0,H
334,1,2016-04-18,24,27,0,4,A,0,1,A
335,1,2016-04-19,20,17,1,1,D,1,1,D
336,1,2016-04-20,16,10,4,0,H,2,0,H
337,1,2016-04-20,18,9,2,0,H,1,0,H
338,1,2016-04-20,30,28,3,1,H,2,0,H
339,1,2016-04-21,1,29,2,0,H,2,0,H
340,1,2016-04-23,2,23,2,4,A,1,2,A
341,1,2016-04-23,3,8,1,4,A,1,2,A
342,1,2016-04-23,16,20,2,2,D,2,0,H
343,1,2016-04-23,17,24,4,0,H,2,0,H
344,1,2016-04-24,15,26,4,0,H,2,0,H
345,1,2016-04-24,25,1,0,0,D,0,0,D
346,1,2016-04-25,27,29,1,1,D,1,0,H
347,1,2016-04-30,1,21,1,0,H,0,0,D
348,1,2016-04-30,10,3,2,1,H,1,1,D
349,1,2016-04-30,20,9,1,0,H,0,0,D
350,1,2016-04-30,24,25,1,1,D,0,0,D
351,1,2016-04-30,28,2,3,2,H,1,1,D
352,1,2016-04-30,29,30,0,3,A,0,2,A
353,1,2016-05-01,18,15,1,1,D,1,1,D
354,1,2016-05-01,23,17,4,2,H,2,1,H
355,1,2016-05-01,26,16,3,1,H,2,0,H
356,1,2016-05-02,8,27,2,2,D,0,2,A
357,1,2016-05-07,2,20,0,0,D,0,0,D
358,1,2016-05-07,3,29,1,1,D,0,1,A
359,1,2016-05-07,9,24,2,1,H,0,1,A
360,1,2016-05-07,15,10,3,1,H,2,0,H
361,1,2016-05-07,21,18,0,1,A,0,0,D
362,1,2016-05-07,25,8,3,2,H,1,2,A
363,1,2016-05-07,30,26,1,4,A,0,2,A
364,1,2016-05-08,16,28,2,0,H,1,0,H
365,1,2016-05-08,17,1,2,2,D,1,1,D
366,1,2016-05-08,27,23,1,2,A,1,1,D
367,1,2016-05-10,30,18,3,2,H,1,0,H
368,1,2016-05-11,16,8,1,1,D,0,1,A
369,1,2016-05-11,21,28,4,2,H,3,1,H
370,1,2016-05-11,25,10,3,0,H,2,0,H
371,1,2016-05-15,1,2,4,0,H,1,0,H
372,1,2016-05-15,8,15,1,1,D,0,0,D
373,1,2016-05-15,10,21,3,0,H,2,0,H
374,1,2016-05-15,20,27,5,1,H,2,0,H
375,1,2016-05-15,23,9,4,1,H,1,0,H
376,1,2016-05-15,24,30,2,1,H,0,1,A
377,1,2016-05-15,26,17,1,1,D,1,1,D
378,1,2016-05-15,28,25,2,2,D,0,1,A
379,1,2016-05-15,29,16,1,1,D,1,1,D
380,1,2016-05-17,18,3,3,1,H,1,0,H
381,2,2016-08-13,6,26,0,1,A,0,0,D
382,2,2016-08-13,9,29,0,1,A,0,0,D
383,2,2016-08-13,10,27,1,1,D,1,0,H
384,2,2016-08-13,13,15,2,1,H,1,0,H
385,2,2016-08-13,17,25,2,1,H,1,0,H
386,2,2016-08-13,19,24,1,1,D,1,0,H
387,2,2016-08-13,23,28,1,1,D,0,1,A
388,2,2016-08-14,1,16,3,4,A,1,1,D
389,2,2016-08-14,3,18,1,3,A,0,1,A
390,2,2016-08-15,8,30,2,1,H,0,0,D
391,2,2016-08-19,18,23,2,0,H,1,0,H
392,2,2016-08-20,6,16,2,0,H,2,0,H
393,2,2016-08-20,15,1,0,0,D,0,0,D
394,2,2016-08-20,24,17,1,4,A,0,2,A
395,2,2016-08-20,26,13,0,2,A,0,0,D
396,2,2016-08-20,27,9,1,0,H,0,0,D
397,2,2016-08-20,28,8,1,2,A,0,0,D
398,2,2016-08-20,29,10,1,2,A,1,1,D
399,2,2016-08-21,25,19,1,2,A,0,2,A
400,2,2016-08-21,30,3,1,0,H,0,0,D
401,2,2016-08-27,8,6,3,0,H,2,0,H
402,2,2016-08-27,9,3,1,1,D,0,1,A
403,2,2016-08-27,10,24,1,0,H,0,0,D
404,2,2016-08-27,13,18,0,1,A,0,0,D
405,2,2016-08-27,15,26,2,1,H,1,0,H
406,2,2016-08-27,23,25,1,1,D,0,0,D
407,2,2016-08-27,27,16,1,1,D,0,1,A
408,2,2016-08-27,28,1,1,3,A,0,3,A
409,2,2016-08-28,17,30,3,1,H,2,0,H
410,2,2016-08-28,29,19,0,0,D,0,0,D
411,2,2016-09-10,1,23,2,1,H,1,1,D
412,2,2016-09-10,3,29,1,0,H,0,0,D
413,2,2016-09-10,6,13,1,1,D,0,0,D
414,2,2016-09-10,16,15,4,1,H,2,1,H
415,2,2016-09-10,18,17,1,2,A,1,2,A
416,2,2016-09-10,19,9,1,2,A,1,1,D
417,2,2016-09-10,24,27,0,4,A,0,1,A
418,2,2016-09-10,30,28,2,4,A,2,2,D
419,2,2016-09-11,26,8,2,2,D,0,1,A
420,2,2016-09-12,25,10,0,3,A,0,0,D
421,2,2016-09-16,8,16,1,2,A,0,2,A
422,2,2016-09-17,10,19,3,1,H,3,1,H
423,2,2016-09-17,13,1,1,4,A,0,1,A
424,2,2016-09-17,15,6,3,0,H,1,0,H
425,2,2016-09-17,17,3,4,0,H,2,0,H
426,2,2016-09-17,29,30,4,2,H,3,0,H
427,2,2016-09-18,9,24,4,1,H,2,0,H
428,2,2016-09-18,23,26,1,0,H,0,0,D
429,2,2016-09-18,27,25,1,0,H,0,0,D
430,2,2016-09-18,28,18,3,1,H,1,0,H
431,2,2016-09-24,1,8,3,0,H,3,0,H
432,2,2016-09-24,3,10,1,0,H,1,0,H
433,2,2016-09-24,16,13,5,1,H,3,0,H
434,2,2016-09-24,18,15,4,1,H,4,0,H
435,2,2016-09-24,19,27,1,2,A,0,2,A
436,2,2016-09-24,24,29,1,1,D,0,0,D
437,2,2016-09-24,25,9,2,3,A,1,0,H
438,2,2016-09-24,26,17,1,3,A,1,1,D
439,2,2016-09-25,30,23,0,3,A,0,1,A
440,2,2016-09-26,6,28,2,0,H,1,0,H
441,2,2016-09-30,10,9,1,1,D,1,0,H
442,2,2016-10-01,13,8,0,2,A,0,0,D
443,2,2016-10-01,25,29,1,1,D,0,1,A
444,2,2016-10-01,26,16,1,2,A,1,0,H
445,2,2016-10-01,28,3,2,2,D,0,1,A
446,2,2016-10-01,30,19,1,1,D,0,0,D
447,2,2016-10-02,6,1,0,1,A,0,0,D
448,2,2016-10-02,15,23,0,0,D,0,0,D
449,2,2016-10-02,18,24,1,1,D,0,0,D
450,2,2016-10-02,27,17,2,0,H,2,0,H
451,2,2016-10-15,1,26,3,2,H,2,1,H
452,2,2016-10-15,3,13,6,1,H,3,1,H
453,2,2016-10-15,8,15,3,0,H,2,0,H
454,2,2016-10-15,9,30,0,1,A,0,1,A
455,2,2016-10-15,17,10,1,1,D,0,0,D
456,2,2016-10-15,24,25,2,0,H,2,0,H
457,2,2016-10-15,29,27,1,1,D,0,0,D
458,2,2016-10-16,19,28,0,1,A,0,0,D
459,2,2016-10-16,23,6,3,1,H,0,0,D
460,2,2016-10-17,16,18,0,0,D,0,0,D
461,2,2016-10-22,1,19,0,0,D,0,0,D
462,2,2016-10-22,3,27,0,0,D,0,0,D
463,2,2016-10-22,6,10,2,1,H,1,0,H
464,2,2016-10-22,13,24,0,2,A,0,1,A
465,2,2016-10-22,15,9,3,1,H,1,0,H
466,2,2016-10-22,16,29,2,1,H,2,0,H
467,2,2016-10-22,26,28,0,0,D,0,0,D
468,2,2016-10-22,30,25,1,0,H,0,0,D
469,2,2016-10-23,8,18,4,0,H,2,0,H
470,2,2016-10-23,17,23,1,1,D,0,1,A
471,2,2016-10-29,9,16,2,4,A,2,3,A
472,2,2016-10-29,18,6,0,0,D,0,0,D
473,2,2016-10-29,19,3,2,0,H,1,0,H
474,2,2016-10-29,25,1,1,4,A,0,1,A
475,2,2016-10-29,27,15,1,1,D,1,0,H
476,2,2016-10-29,28,13,1,0,H,0,0,D
477,2,2016-10-29,29,17,0,4,A,0,2,A
478,2,2016-10-30,10,30,2,0,H,0,0,D
479,2,2016-10-30,23,8,0,2,A,0,1,A
480,2,2016-10-31,24,26,3,1,H,1,1,D
481,2,2016-11-05,3,25,1,2,A,1,1,D
482,2,2016-11-05,6,9,3,2,H,2,0,H
483,2,2016-11-05,8,10,5,0,H,3,0,H
484,2,2016-11-05,17,19,1,1,D,1,0,H
485,2,2016-11-05,30,24,1,1,D,0,0,D
486,2,2016-11-06,1,27,1,1,D,1,0,H
487,2,2016-11-06,13,23,2,1,H,0,1,A
488,2,2016-11-06,15,29,1,2,A,0,0,D
489,2,2016-11-06,16,28,6,1,H,3,0,H
490,2,2016-11-06,26,18,1,3,A,0,3,A
491,2,2016-11-19,9,17,1,2,A,0,1,A
492,2,2016-11-19,10,26,1,1,D,0,1,A
493,2,2016-11-19,18,1,1,1,D,0,0,D
494,2,2016-11-19,23,16,0,0,D,0,0,D
495,2,2016-11-19,24,3,0,1,A,0,1,A
496,2,2016-11-19,25,13,3,0,H,1,0,H
497,2,2016-11-19,27,30,3,2,H,0,1,A
498,2,2016-11-19,28,15,2,1,H,2,1,H
499,2,2016-11-20,19,8,0,1,A,0,1,A
500,2,2016-11-21,29,6,4,0,H,3,0,H
501,2,2016-11-26,6,17,1,2,A,1,1,D
502,2,2016-11-26,8,27,2,1,H,1,1,D
503,2,2016-11-26,13,29,1,1,D,0,1,A
504,2,2016-11-26,15,19,2,2,D,1,1,D
505,2,2016-11-26,16,25,2,0,H,0,0,D
506,2,2016-11-26,26,9,5,4,H,1,1,D
507,2,2016-11-27,1,3,3,1,H,1,1,D
508,2,2016-11-27,18,30,1,1,D,1,1,D
509,2,2016-11-27,23,10,1,0,H,1,0,H
510,2,2016-11-27,28,24,0,1,A,0,1,A
511,2,2016-12-03,9,23,3,0,H,2,0,H
512,2,2016-12-03,17,8,1,3,A,1,0,H
513,2,2016-12-03,24,6,2,0,H,2,0,H
514,2,2016-12-03,25,15,2,1,H,0,0,D
515,2,2016-12-03,27,26,5,0,H,2,0,H
516,2,2016-12-03,29,28,3,1,H,2,0,H
517,2,2016-12-03,30,1,1,5,A,0,1,A
518,2,2016-12-04,3,16,4,3,H,0,2,A
519,2,2016-12-04,10,18,1,1,D,0,1,A
520,2,2016-12-05,19,13,1,0,H,0,0,D
521,2,2016-12-10,1,24,3,1,H,1,1,D
522,2,2016-12-10,6,3,3,2,H,2,1,H
523,2,2016-12-10,13,9,3,3,D,1,0,H
524,2,2016-12-10,15,17,4,2,H,3,0,H
525,2,2016-12-10,26,25,3,0,H,0,0,D
526,2,2016-12-10,28,10,3,2,H,1,1,D
527,2,2016-12-11,8,29,1,0,H,0,0,D
528,2,2016-12-11,16,30,2,2,D,1,2,A
529,2,2016-12-11,18,27,1,0,H,1,0,H
530,2,2016-12-11,23,19,1,0,H,0,0,D
531,2,2016-12-13,3,15,1,0,H,1,0,H
532,2,2016-12-13,10,1,2,1,H,1,1,D
533,2,2016-12-14,9,18,1,2,A,0,1,A
534,2,2016-12-14,17,28,2,0,H,1,0,H
535,2,2016-12-14,19,16,0,3,A,0,1,A
536,2,2016-12-14,24,23,0,0,D,0,0,D
537,2,2016-12-14,25,8,0,1,A,0,1,A
538,2,2016-12-14,27,13,3,0,H,1,0,H
539,2,2016-12-14,29,26,3,1,H,0,0,D
540,2,2016-12-14,30,6,1,0,H,1,0,H
541,2,2016-12-17,9,8,0,1,A,0,1,A
542,2,2016-12-17,19,26,3,0,H,2,0,H
543,2,2016-12-17,24,15,2,2,D,2,0,H
544,2,2016-12-17,25,28,1,0,H,0,0,D
545,2,2016-12-17,29,18,0,2,A,0,1,A
546,2,2016-12-17,30,13,1,0,H,0,0,D
547,2,2016-12-18,3,23,1,3,A,1,1,D
548,2,2016-12-18,17,1,2,1,H,0,1,A
549,2,2016-12-18,27,6,2,1,H,1,1,D
550,2,2016-12-19,10,16,0,1,A,0,0,D
551,2,2016-12-26,1,29,1,0,H,0,0,D
552,2,2016-12-26,6,19,1,0,H,0,0,D
553,2,2016-12-26,8,3,3,0,H,1,0,H
554,2,2016-12-26,13,17,0,3,A,0,0,D
555,2,2016-12-26,15,10,0,2,A,0,0,D
556,2,2016-12-26,18,25,3,1,H,1,0,H
557,2,2016-12-26,26,30,1,4,A,0,1,A
558,2,2016-12-26,28,9,1,1,D,0,1,A
559,2,2016-12-27,16,24,4,1,H,2,1,H
560,2,2016-12-28,23,27,1,4,A,1,1,D
561,2,2016-12-30,13,10,2,2,D,1,1,D
562,2,2016-12-31,6,25,4,1,H,1,0,H
563,2,2016-12-31,8,24,4,2,H,1,0,H
564,2,2016-12-31,15,30,1,0,H,1,0,H
565,2,2016-12-31,16,17,1,0,H,1,0,H
566,2,2016-12-31,18,19,2,1,H,0,0,D
567,2,2016-12-31,23,29,1,2,A,1,1,D
568,2,2016-12-31,26,3,0,3,A,0,2,A
569,2,2017-01-01,1,9,2,0,H,1,0,H
570,2,2017-01-01,28,27,1,4,A,0,3,A
571,2,2017-01-02,10,23,3,0,H,0,0,D
572,2,2017-01-02,17,6,2,1,H,0,0,D
573,2,2017-01-02,19,15,0,0,D,0,0,D
574,2,2017-01-02,25,16,2,2,D,1,1,D
575,2,2017-01-02,29,13,3,1,H,0,1,A
576,2,2017-01-02,30,18,0,2,A,0,0,D
577,2,2017-01-03,3,1,3,3,D,2,0,H
578,2,2017-01-03,9,26,1,2,A,0,1,A
579,2,2017-01-03,24,28,2,0,H,1,0,H
580,2,2017-01-04,27,8,2,0,H,1,0,H
581,2,2017-01-14,6,23,1,0,H,0,0,D
582,2,2017-01-14,13,3,3,1,H,1,1,D
583,2,2017-01-14,15,8,0,3,A,0,1,A
584,2,2017-01-14,25,24,1,3,A,1,3,A
585,2,2017-01-14,26,1,0,4,A,0,1,A
586,2,2017-01-14,27,29,4,0,H,2,0,H
587,2,2017-01-14,28,19,0,0,D,0,0,D
588,2,2017-01-14,30,9,3,0,H,0,0,D
589,2,2017-01-15,10,17,4,0,H,1,0,H
590,2,2017-01-15,18,16,1,1,D,0,1,A
591,2,2017-01-21,3,28,2,2,D,0,1,A
592,2,2017-01-21,9,10,0,1,A,0,0,D
593,2,2017-01-21,16,26,2,3,A,0,0,D
594,2,2017-01-21,17,27,2,2,D,0,0,D
595,2,2017-01-21,19,30,1,3,A,1,2,A
596,2,2017-01-21,24,18,1,1,D,1,0,H
597,2,2017-01-21,29,25,2,0,H,2,0,H
598,2,2017-01-22,1,6,2,1,H,0,0,D
599,2,2017-01-22,8,13,2,0,H,1,0,H
600,2,2017-01-22,23,15,3,0,H,2,0,H
601,2,2017-01-31,1,28,1,2,A,0,2,A
602,2,2017-01-31,3,9,0,2,A,0,0,D
603,2,2017-01-31,6,15,1,0,H,0,0,D
604,2,2017-01-31,16,8,1,1,D,0,1,A
605,2,2017-01-31,19,29,1,1,D,1,1,D
606,2,2017-01-31,25,27,0,0,D,0,0,D
607,2,2017-01-31,26,23,2,1,H,1,0,H
608,2,2017-02-01,18,13,0,0,D,0,0,D
609,2,2017-02-01,24,10,1,1,D,1,1,D
610,2,2017-02-01,30,17,0,4,A,0,3,A
611,2,2017-02-04,8,1,3,1,H,1,0,H
612,2,2017-02-04,9,25,0,4,A,0,4,A
613,2,2017-02-04,10,3,6,3,H,3,0,H
614,2,2017-02-04,13,16,2,0,H,1,0,H
615,2,2017-02-04,23,30,1,3,A,1,2,A
616,2,2017-02-04,27,19,1,0,H,0,0,D
617,2,2017-02-04,28,6,2,1,H,2,0,H
618,2,2017-02-04,29,24,1,0,H,1,0,H
619,2,2017-02-05,15,18,0,3,A,0,2,A
620,2,2017-02-05,17,26,2,1,H,1,0,H
621,2,2017-02-11,1,13,2,0,H,1,0,H
622,2,2017-02-11,16,27,2,0,H,2,0,H
623,2,2017-02-11,18,28,2,0,H,1,0,H
624,2,2017-02-11,19,10,0,0,D,0,0,D
625,2,2017-02-11,24,9,1,0,H,0,0,D
626,2,2017-02-11,25,23,0,4,A,0,2,A
627,2,2017-02-11,30,29,2,2,D,0,1,A
628,2,2017-02-12,6,8,1,1,D,1,1,D
629,2,2017-02-12,26,15,2,0,H,2,0,H
630,2,2017-02-13,3,17,0,2,A,0,1,A
631,2,2017-02-25,8,26,3,1,H,1,1,D
632,2,2017-02-25,9,19,1,0,H,1,0,H
633,2,2017-02-25,10,25,2,0,H,1,0,H
634,2,2017-02-25,13,6,1,1,D,0,0,D
635,2,2017-02-25,28,30,1,1,D,1,0,H
636,2,2017-02-25,29,3,2,1,H,2,1,H
637,2,2017-02-26,27,24,4,0,H,4,0,H
638,2,2017-02-27,15,16,3,1,H,2,0,H
639,2,2017-03-04,15,13,3,1,H,1,1,D
640,2,2017-03-04,16,1,3,1,H,2,0,H
641,2,2017-03-04,18,3,1,1,D,1,1,D
642,2,2017-03-04,24,19,2,0,H,2,0,H
643,2,2017-03-04,26,6,3,2,H,1,1,D
644,2,2017-03-04,28,23,3,4,A,1,2,A
645,2,2017-03-04,29,9,0,2,A,0,0,D
646,2,2017-03-05,25,17,0,2,A,0,1,A
647,2,2017-03-05,27,10,3,2,H,1,0,H
648,2,2017-03-06,30,8,1,2,A,0,1,A
649,2,2017-03-08,17,24,0,0,D,0,0,D
650,2,2017-03-11,3,30,3,2,H,1,1,D
651,2,2017-03-11,10,29,3,0,H,2,0,H
652,2,2017-03-11,13,26,2,1,H,0,0,D
653,2,2017-03-12,16,6,2,1,H,1,1,D
654,2,2017-03-18,3,26,2,0,H,1,0,H
655,2,2017-03-18,9,28,1,0,H,0,0,D
656,2,2017-03-18,10,13,4,0,H,1,0,H
657,2,2017-03-18,24,8,1,2,A,1,1,D
658,2,2017-03-18,25,6,0,0,D,0,0,D
659,2,2017-03-18,29,1,3,1,H,1,1,D
660,2,2017-03-18,30,15,2,3,A,1,3,A
661,2,2017-03-19,17,16,1,1,D,0,0,D
662,2,2017-03-19,19,18,1,3,A,0,1,A
663,2,2017-03-19,27,23,2,1,H,2,0,H
664,2,2017-04-01,6,27,0,2,A,0,0,D
665,2,2017-04-01,8,9,1,2,A,1,2,A
666,2,2017-04-01,13,30,2,1,H,0,1,A
667,2,2017-04-01,15,24,2,0,H,1,0,H
668,2,2017-04-01,16,10,3,1,H,2,1,H
669,2,2017-04-01,18,29,0,0,D,0,0,D
670,2,2017-04-01,23,3,0,0,D,0,0,D
671,2,2017-04-01,28,25,1,0,H,0,0,D
672,2,2017-04-02,1,17,2,2,D,1,2,A
673,2,2017-04-02,26,19,0,0,D,0,0,D
674,2,2017-04-04,6,24,1,0,H,0,0,D
675,2,2017-04-04,15,25,2,0,H,0,0,D
676,2,2017-04-04,18,10,1,1,D,0,1,A
677,2,2017-04-04,28,29,2,0,H,1,0,H
678,2,2017-04-05,1,30,3,0,H,0,0,D
679,2,2017-04-05,8,17,2,1,H,2,1,H
680,2,2017-04-05,13,19,4,2,H,3,2,H
681,2,2017-04-05,16,3,2,2,D,1,1,D
682,2,2017-04-05,23,9,3,1,H,1,1,D
683,2,2017-04-05,26,27,1,3,A,1,0,H
684,2,2017-04-08,3,8,1,3,A,1,2,A
685,2,2017-04-08,17,13,3,1,H,1,0,H
686,2,2017-04-08,19,6,0,0,D,0,0,D
687,2,2017-04-08,24,16,1,2,A,1,0,H
688,2,2017-04-08,27,28,4,0,H,3,0,H
689,2,2017-04-08,29,23,0,1,A,0,1,A
690,2,2017-04-08,30,26,1,0,H,1,0,H
691,2,2017-04-09,10,15,4,2,H,3,2,H
692,2,2017-04-09,25,18,0,3,A,0,1,A
693,2,2017-04-10,9,1,3,0,H,1,0,H
694,2,2017-04-15,9,15,2,2,D,0,1,A
695,2,2017-04-15,10,6,3,1,H,0,0,D
696,2,2017-04-15,23,17,0,3,A,0,0,D
697,2,2017-04-15,24,13,3,1,H,1,0,H
698,2,2017-04-15,25,30,2,2,D,1,1,D
699,2,2017-04-15,27,3,4,0,H,2,0,H
700,2,2017-04-15,28,26,1,0,H,1,0,H
701,2,2017-04-16,18,8,2,0,H,1,0,H
702,2,2017-04-16,29,16,0,1,A,0,1,A
703,2,2017-04-17,19,1,1,2,A,0,1,A
704,2,2017-04-22,3,19,4,0,H,2,0,H
705,2,2017-04-22,13,28,2,0,H,0,0,D
706,2,2017-04-22,26,24,2,0,H,1,0,H
707,2,2017-04-22,30,10,0,0,D,0,0,D
708,2,2017-04-23,6,18,0,2,A,0,2,A
709,2,2017-04-23,16,9,1,2,A,1,1,D
710,2,2017-04-25,8,23,4,2,H,2,1,H
711,2,2017-04-26,1,15,1,0,H,0,0,D
712,2,2017-04-26,9,27,0,1,A,0,0,D
713,2,2017-04-26,19,25,1,0,H,1,0,H
714,2,2017-04-27,17,18,0,0,D,0,0,D
715,2,2017-04-29,9,6,0,2,A,0,1,A
716,2,2017-04-29,23,13,0,0,D,0,0,D
717,2,2017-04-29,24,30,0,0,D,0,0,D
718,2,2017-04-29,25,3,0,1,A,0,0,D
719,2,2017-04-29,29,15,0,1,A,0,1,A
720,2,2017-04-30,10,8,0,3,A,0,0,D
721,2,2017-04-30,18,26,1,1,D,1,0,H
722,2,2017-04-30,19,17,2,2,D,1,0,H
723,2,2017-04-30,27,1,2,0,H,0,0,D
724,2,2017-05-01,28,16,0,1,A,0,1,A
725,2,2017-05-05,30,27,1,0,H,0,0,D
726,2,2017-05-06,3,24,2,2,D,0,1,A
727,2,2017-05-06,6,29,2,2,D,0,0,D
728,2,2017-05-06,13,25,0,2,A,0,0,D
729,2,2017-05-06,15,28,3,0,H,1,0,H
730,2,2017-05-06,17,9,5,0,H,1,0,H
731,2,2017-05-06,26,10,1,0,H,1,0,H
732,2,2017-05-07,1,18,2,0,H,0,0,D
733,2,2017-05-07,16,23,0,0,D,0,0,D
734,2,2017-05-08,8,19,3,0,H,2,0,H
735,2,2017-05-10,23,1,0,2,A,0,0,D
736,2,2017-05-12,10,28,1,0,H,0,0,D
737,2,2017-05-12,29,8,0,1,A,0,0,D
738,2,2017-05-13,3,6,2,1,H,1,0,H
739,2,2017-05-13,17,15,2,1,H,2,1,H
740,2,2017-05-13,19,23,1,2,A,0,1,A
741,2,2017-05-13,24,1,1,4,A,0,1,A
742,2,2017-05-13,25,26,0,2,A,0,2,A
743,2,2017-05-14,9,13,4,0,H,2,0,H
744,2,2017-05-14,27,18,2,1,H,1,0,H
745,2,2017-05-14,30,16,0,4,A,0,1,A
746,2,2017-05-15,8,28,4,3,H,2,1,H
747,2,2017-05-16,1,25,2,0,H,0,0,D
748,2,2017-05-16,17,29,3,1,H,2,0,H
749,2,2017-05-17,23,18,0,0,D,0,0,D
750,2,2017-05-18,15,27,1,6,A,0,2,A
751,2,2017-05-21,1,10,3,1,H,2,0,H
752,2,2017-05-21,6,30,1,2,A,1,1,D
753,2,2017-05-21,8,25,5,1,H,1,1,D
754,2,2017-05-21,13,27,1,7,A,0,3,A
755,2,2017-05-21,15,3,1,1,D,0,1,A
756,2,2017-05-21,16,19,3,0,H,1,0,H
757,2,2017-05-21,18,9,2,0,H,2,0,H
758,2,2017-05-21,23,24,0,1,A,0,0,D
759,2,2017-05-21,26,29,2,1,H,0,1,A
760,2,2017-05-21,28,17,0,5,A,0,4,A
761,3,2017-08-11,1,15,4,3,H,2,2,D
762,3,2017-08-12,5,17,0,2,A,0,0,D
763,3,2017-08-12,8,6,2,3,A,0,3,A
764,3,2017-08-12,9,12,0,3,A,0,2,A
765,3,2017-08-12,10,24,1,0,H,1,0,H
766,3,2017-08-12,23,26,0,0,D,0,0,D
767,3,2017-08-12,28,16,3,3,D,2,1,H
768,3,2017-08-12,29,3,1,0,H,1,0,H
769,3,2017-08-13,18,30,4,0,H,1,0,H
770,3,2017-08-13,20,27,0,2,A,0,0,D
771,3,2017-08-19,3,28,0,2,A,0,0,D
772,3,2017-08-19,6,29,0,1,A,0,0,D
773,3,2017-08-19,15,5,2,0,H,1,0,H
774,3,2017-08-19,16,9,1,0,H,0,0,D
775,3,2017-08-19,23,30,3,2,H,2,1,H
776,3,2017-08-19,24,1,1,0,H,0,0,D
777,3,2017-08-19,26,18,0,4,A,0,1,A
778,3,2017-08-20,12,20,1,0,H,0,0,D
779,3,2017-08-20,27,8,1,2,A,0,1,A
780,3,2017-08-21,17,10,1,1,D,0,1,A
781,3,2017-08-26,3,17,1,2,A,1,1,D
782,3,2017-08-26,9,26,0,2,A,0,1,A
783,3,2017-08-26,12,23,0,0,D,0,0,D
784,3,2017-08-26,18,15,2,0,H,0,0,D
785,3,2017-08-26,20,30,3,0,H,1,0,H
786,3,2017-08-26,28,5,0,0,D,0,0,D
787,3,2017-08-27,8,10,2,0,H,2,0,H
788,3,2017-08-27,16,1,4,0,H,2,0,H
789,3,2017-08-27,27,6,1,1,D,0,0,D
790,3,2017-08-27,29,24,1,1,D,0,0,D
791,3,2017-09-09,1,3,3,0,H,2,0,H
792,3,2017-09-09,5,29,3,1,H,1,0,H
793,3,2017-09-09,10,27,0,3,A,0,2,A
794,3,2017-09-09,15,8,1,2,A,0,1,A
795,3,2017-09-09,17,16,5,0,H,2,0,H
796,3,2017-09-09,23,28,0,2,A,0,1,A
797,3,2017-09-09,24,18,2,2,D,1,1,D
798,3,2017-09-10,6,9,1,0,H,1,0,H
799,3,2017-09-10,26,20,0,1,A,0,0,D
800,3,2017-09-11,30,12,2,0,H,0,0,D
801,3,2017-09-15,3,5,2,1,H,0,0,D
802,3,2017-09-16,9,23,0,1,A,0,1,A
803,3,2017-09-16,12,15,1,1,D,0,0,D
804,3,2017-09-16,16,6,1,1,D,1,1,D
805,3,2017-09-16,20,24,2,1,H,1,0,H
806,3,2017-09-16,27,26,0,0,D,0,0,D
807,3,2017-09-16,28,17,0,6,A,0,3,A
808,3,2017-09-16,29,30,0,0,D,0,0,D
809,3,2017-09-17,8,1,0,0,D,0,0,D
810,3,2017-09-17,18,10,4,0,H,1,0,H
811,3,2017-09-23,6,12,0,0,D,0,0,D
812,3,2017-09-23,10,3,2,1,H,0,0,D
813,3,2017-09-23,15,16,2,3,A,1,2,A
814,3,2017-09-23,17,9,5,0,H,1,0,H
815,3,2017-09-23,23,18,0,1,A,0,1,A
816,3,2017-09-23,24,8,0,4,A,0,2,A
817,3,2017-09-23,26,28,1,2,A,0,1,A
818,3,2017-09-23,30,27,2,3,A,0,2,A
819,3,2017-09-24,5,20,1,0,H,0,0,D
820,3,2017-09-25,1,29,2,0,H,1,0,H
821,3,2017-09-30,3,15,0,0,D,0,0,D
822,3,2017-09-30,8,17,0,1,A,0,0,D
823,3,2017-09-30,12,27,0,4,A,0,3,A
824,3,2017-09-30,18,9,4,0,H,2,0,H
825,3,2017-09-30,24,23,2,1,H,1,0,H
826,3,2017-09-30,29,28,2,2,D,2,1,H
827,3,2017-09-30,30,26,1,0,H,0,0,D
828,3,2017-10-01,1,5,2,0,H,1,0,H
829,3,2017-10-01,10,6,0,1,A,0,1,A
830,3,2017-10-01,20,16,1,1,D,1,1,D
831,3,2017-10-14,6,30,1,1,D,0,1,A
832,3,2017-10-14,9,8,2,1,H,2,1,H
833,3,2017-10-14,16,18,0,0,D,0,0,D
834,3,2017-10-14,17,24,7,2,H,3,1,H
835,3,2017-10-14,26,12,2,0,H,1,0,H
836,3,2017-10-14,27,3,1,0,H,0,0,D
837,3,2017-10-14,28,1,2,1,H,0,1,A
838,3,2017-10-15,5,10,1,1,D,0,0,D
839,3,2017-10-15,23,20,2,2,D,0,1,A
840,3,2017-10-16,15,29,1,1,D,0,0,D
841,3,2017-10-20,30,5,0,3,A,0,2,A
842,3,2017-10-21,8,28,4,2,H,1,1,D
843,3,2017-10-21,12,18,2,1,H,2,0,H
844,3,2017-10-21,17,6,3,0,H,1,0,H
845,3,2017-10-21,20,9,1,0,H,0,0,D
846,3,2017-10-21,23,29,1,0,H,0,0,D
847,3,2017-10-21,24,3,1,2,A,0,2,A
848,3,2017-10-21,26,15,1,2,A,0,1,A
849,3,2017-10-22,10,1,2,5,A,1,1,D
850,3,2017-10-22,27,16,4,1,H,3,1,H
851,3,2017-10-28,1,26,2,1,H,0,1,A
852,3,2017-10-28,3,8,0,1,A,0,0,D
853,3,2017-10-28,9,30,2,2,D,0,2,A
854,3,2017-10-28,16,12,3,0,H,0,0,D
855,3,2017-10-28,18,27,1,0,H,0,0,D
856,3,2017-10-28,28,24,0,1,A,0,1,A
857,3,2017-10-28,29,17,2,3,A,1,2,A
858,3,2017-10-29,5,23,1,1,D,0,1,A
859,3,2017-10-29,15,10,2,0,H,2,0,H
860,3,2017-10-30,6,20,1,0,H,0,0,D
861,3,2017-11-04,12,29,1,0,H,1,0,H
862,3,2017-11-04,20,3,0,1,A,0,0,D
863,3,2017-11-04,23,6,0,1,A,0,0,D
864,3,2017-11-04,24,15,2,2,D,1,1,D
865,3,2017-11-04,26,5,0,1,A,0,1,A
866,3,2017-11-04,30,16,1,4,A,0,2,A
867,3,2017-11-05,8,18,1,0,H,0,0,D
868,3,2017-11-05,10,28,3,2,H,0,0,D
869,3,2017-11-05,17,1,3,1,H,1,0,H
870,3,2017-11-05,27,9,1,0,H,0,0,D
871,3,2017-11-18,1,27,2,0,H,2,0,H
872,3,2017-11-18,3,12,4,0,H,2,0,H
873,3,2017-11-18,6,26,2,0,H,2,0,H
874,3,2017-11-18,9,10,2,2,D,2,2,D
875,3,2017-11-18,15,17,0,2,A,0,1,A
876,3,2017-11-18,16,23,3,0,H,2,0,H
877,3,2017-11-18,18,20,4,1,H,2,1,H
878,3,2017-11-18,29,8,0,4,A,0,3,A
879,3,2017-11-19,28,30,2,0,H,1,0,H
880,3,2017-11-20,5,24,2,2,D,1,2,A
881,3,2017-11-24,30,15,1,1,D,1,1,D
882,3,2017-11-25,9,24,2,1,H,0,0,D
883,3,2017-11-25,16,8,1,1,D,0,0,D
884,3,2017-11-25,18,5,1,0,H,0,0,D
885,3,2017-11-25,20,28,0,3,A,0,2,A
886,3,2017-11-25,26,3,0,0,D,0,0,D
887,3,2017-11-25,27,29,1,1,D,0,1,A
888,3,2017-11-26,6,1,0,1,A,0,0,D
889,3,2017-11-26,12,17,1,2,A,1,0,H
890,3,2017-11-26,23,10,4,1,H,1,1,D
891,3,2017-11-28,5,9,0,0,D,0,0,D
892,3,2017-11-28,15,27,2,1,H,2,0,H
893,3,2017-11-28,28,18,2,4,A,0,3,A
894,3,2017-11-28,29,20,2,2,D,1,0,H
895,3,2017-11-29,1,12,5,0,H,1,0,H
896,3,2017-11-29,3,6,1,2,A,0,1,A
897,3,2017-11-29,8,26,1,0,H,0,0,D
898,3,2017-11-29,10,30,4,0,H,2,0,H
899,3,2017-11-29,17,23,2,1,H,0,0,D
900,3,2017-11-29,24,16,0,3,A,0,1,A
901,3,2017-12-02,1,18,1,3,A,0,2,A
902,3,2017-12-02,5,16,1,5,A,0,2,A
903,3,2017-12-02,8,20,3,1,H,2,1,H
904,3,2017-12-02,10,12,2,0,H,0,0,D
905,3,2017-12-02,15,6,1,0,H,1,0,H
906,3,2017-12-02,24,26,2,1,H,2,1,H
907,3,2017-12-02,28,27,1,1,D,1,1,D
908,3,2017-12-02,29,9,0,0,D,0,0,D
909,3,2017-12-03,3,23,1,1,D,1,0,H
910,3,2017-12-03,17,30,2,1,H,0,1,A
911,3,2017-12-09,6,28,1,0,H,1,0,H
912,3,2017-12-09,9,3,2,2,D,2,2,D
913,3,2017-12-09,12,5,2,0,H,2,0,H
914,3,2017-12-09,20,15,2,3,A,1,1,D
915,3,2017-12-09,26,29,1,0,H,0,0,D
916,3,2017-12-09,27,24,5,1,H,1,0,H
917,3,2017-12-09,30,8,1,0,H,1,0,H
918,3,2017-12-10,16,10,1,1,D,1,0,H
919,3,2017-12-10,18,17,1,2,A,1,1,D
920,3,2017-12-10,23,1,1,1,D,1,0,H
921,3,2017-12-12,6,24,1,0,H,0,0,D
922,3,2017-12-12,9,28,2,1,H,0,1,A
923,3,2017-12-12,12,8,1,3,A,0,2,A
924,3,2017-12-13,16,29,0,0,D,0,0,D
925,3,2017-12-13,18,3,1,0,H,1,0,H
926,3,2017-12-13,20,10,0,1,A,0,1,A
927,3,2017-12-13,23,15,1,4,A,0,3,A
928,3,2017-12-13,26,17,0,4,A,0,2,A
929,3,2017-12-13,27,5,2,0,H,1,0,H
930,3,2017-12-13,30,1,0,0,D,0,0,D
931,3,2017-12-16,1,20,1,0,H,1,0,H
932,3,2017-12-16,5,6,0,0,D,0,0,D
933,3,2017-12-16,8,23,1,0,H,1,0,H
934,3,2017-12-16,15,9,0,3,A,0,2,A
935,3,2017-12-16,17,27,4,1,H,1,0,H
936,3,2017-12-16,24,30,0,3,A,0,1,A
937,3,2017-12-16,28,12,1,4,A,0,2,A
938,3,2017-12-17,3,16,0,4,A,0,3,A
939,3,2017-12-17,29,18,1,2,A,0,2,A
940,3,2017-12-18,10,26,3,1,H,1,1,D
941,3,2017-12-22,1,16,3,3,D,0,1,A
942,3,2017-12-23,5,28,1,0,H,0,0,D
943,3,2017-12-23,6,27,0,3,A,0,1,A
944,3,2017-12-23,10,8,0,0,D,0,0,D
945,3,2017-12-23,15,18,2,2,D,1,1,D
946,3,2017-12-23,17,3,4,0,H,1,0,H
947,3,2017-12-23,23,12,1,1,D,1,0,H
948,3,2017-12-23,24,29,3,1,H,2,0,H
949,3,2017-12-23,26,9,1,1,D,0,0,D
950,3,2017-12-23,30,20,2,3,A,1,1,D
951,3,2017-12-26,3,30,3,3,D,1,1,D
952,3,2017-12-26,8,5,2,0,H,0,0,D
953,3,2017-12-26,12,24,1,1,D,1,0,H
954,3,2017-12-26,16,26,5,0,H,1,0,H
955,3,2017-12-26,18,6,2,2,D,0,2,A
956,3,2017-12-26,27,23,5,2,H,2,0,H
957,3,2017-12-26,28,15,2,1,H,1,1,D
958,3,2017-12-26,29,10,0,0,D,0,0,D
959,3,2017-12-27,20,17,0,1,A,0,1,A
960,3,2017-12-28,9,1,2,3,A,0,1,A
961,3,2017-12-30,3,10,2,1,H,1,0,H
962,3,2017-12-30,8,24,5,0,H,3,0,H
963,3,2017-12-30,12,6,0,0,D,0,0,D
964,3,2017-12-30,16,15,2,1,H,0,1,A
965,3,2017-12-30,18,23,0,0,D,0,0,D
966,3,2017-12-30,20,5,0,0,D,0,0,D
967,3,2017-12-30,28,26,1,2,A,1,0,H
968,3,2017-12-31,9,17,0,0,D,0,0,D
969,3,2017-12-31,29,1,1,1,D,0,0,D
970,3,2018-01-01,5,3,2,2,D,1,1,D
971,3,2018-01-01,6,16,1,2,A,0,0,D
972,3,2018-01-01,10,18,0,2,A,0,0,D
973,3,2018-01-01,15,12,3,0,H,0,0,D
974,3,2018-01-01,24,20,0,1,A,0,0,D
975,3,2018-01-02,17,28,3,1,H,2,0,H
976,3,2018-01-02,23,9,1,2,A,1,0,H
977,3,2018-01-02,26,27,0,2,A,0,1,A
978,3,2018-01-02,30,29,2,1,H,0,1,A
979,3,2018-01-03,1,8,2,2,D,0,0,D
980,3,2018-01-04,27,30,1,1,D,0,0,D
981,3,2018-01-13,8,15,0,0,D,0,0,D
982,3,2018-01-13,9,6,1,0,H,1,0,H
983,3,2018-01-13,12,30,1,4,A,1,1,D
984,3,2018-01-13,20,26,1,1,D,0,0,D
985,3,2018-01-13,27,10,4,0,H,1,0,H
986,3,2018-01-13,28,23,2,2,D,0,2,A
987,3,2018-01-13,29,5,2,0,H,1,0,H
988,3,2018-01-14,3,1,2,1,H,0,0,D
989,3,2018-01-14,16,17,4,3,H,1,1,D
990,3,2018-01-15,18,24,3,0,H,2,0,H
991,3,2018-01-20,1,9,4,1,H,4,0,H
992,3,2018-01-20,5,8,0,4,A,0,2,A
993,3,2018-01-20,6,18,0,1,A,0,0,D
994,3,2018-01-20,10,29,1,1,D,0,1,A
995,3,2018-01-20,15,28,2,0,H,1,0,H
996,3,2018-01-20,17,20,3,1,H,1,0,H
997,3,2018-01-20,24,12,2,0,H,0,0,D
998,3,2018-01-20,30,3,1,1,D,0,0,D
999,3,2018-01-21,23,27,1,1,D,1,1,D
1000,3,2018-01-22,26,16,1,0,H,1,0,H
1001,3,2018-01-30,12,16,0,3,A,0,2,A
1002,3,2018-01-30,26,1,3,1,H,1,1,D
1003,3,2018-01-30,30,9,1,1,D,1,1,D
1004,3,2018-01-31,8,3,0,3,A,0,0,D
1005,3,2018-01-31,10,15,2,1,H,2,0,H
1006,3,2018-01-31,17,29,3,0,H,1,0,H
1007,3,2018-01-31,20,6,1,1,D,0,0,D
1008,3,2018-01-31,23,5,1,1,D,0,1,A
1009,3,2018-01-31,24,28,0,0,D,0,0,D
1010,3,2018-01-31,27,18,2,0,H,2,0,H
1011,3,2018-02-03,1,10,5,1,H,4,0,H
1012,3,2018-02-03,3,24,2,1,H,0,1,A
1013,3,2018-02-03,5,30,3,1,H,1,1,D
1014,3,2018-02-03,6,17,1,1,D,0,1,A
1015,3,2018-02-03,15,26,1,1,D,1,0,H
1016,3,2018-02-03,18,12,2,0,H,0,0,D
1017,3,2018-02-03,29,23,2,3,A,1,2,A
1018,3,2018-02-04,9,20,1,1,D,0,1,A
1019,3,2018-02-04,16,27,2,2,D,1,0,H
1020,3,2018-02-05,28,8,4,1,H,1,0,H
1021,3,2018-02-10,10,9,3,1,H,0,0,D
1022,3,2018-02-10,17,15,5,1,H,1,1,D
1023,3,2018-02-10,24,5,1,1,D,0,1,A
1024,3,2018-02-10,26,6,1,0,H,0,0,D
1025,3,2018-02-10,27,1,1,0,H,0,0,D
1026,3,2018-02-10,30,28,2,0,H,1,0,H
1027,3,2018-02-11,12,3,4,1,H,2,1,H
1028,3,2018-02-11,20,18,1,0,H,0,0,D
1029,3,2018-02-11,23,16,0,2,A,0,2,A
1030,3,2018-02-12,8,29,3,0,H,1,0,H
1031,3,2018-02-24,3,20,2,2,D,0,2,A
1032,3,2018-02-24,5,26,4,1,H,1,0,H
1033,3,2018-02-24,6,23,1,1,D,0,0,D
1034,3,2018-02-24,15,24,1,1,D,0,1,A
1035,3,2018-02-24,16,30,4,1,H,1,0,H
1036,3,2018-02-24,28,10,1,0,H,0,0,D
1037,3,2018-02-24,29,12,1,2,A,0,0,D
1038,3,2018-02-25,9,27,0,1,A,0,0,D
1039,3,2018-02-25,18,8,2,1,H,1,1,D
1040,3,2018-03-01,1,17,0,3,A,0,3,A
1041,3,2018-03-03,6,10,2,1,H,0,1,A
1042,3,2018-03-03,15,3,1,1,D,0,1,A
1043,3,2018-03-03,16,20,2,0,H,1,0,H
1044,3,2018-03-03,23,24,0,0,D,0,0,D
1045,3,2018-03-03,26,30,4,1,H,2,0,H
1046,3,2018-03-03,27,12,2,0,H,1,0,H
1047,3,2018-03-03,28,29,1,0,H,0,0,D
1048,3,2018-03-04,5,1,2,1,H,2,1,H
1049,3,2018-03-04,17,8,1,0,H,0,0,D
1050,3,2018-03-05,9,18,2,3,A,1,0,H
1051,3,2018-03-10,8,9,2,1,H,2,0,H
1052,3,2018-03-10,10,5,2,0,H,0,0,D
1053,3,2018-03-10,12,26,0,0,D,0,0,D
1054,3,2018-03-10,18,16,2,1,H,2,0,H
1055,3,2018-03-10,20,23,3,0,H,2,0,H
1056,3,2018-03-10,29,15,1,4,A,1,1,D
1057,3,2018-03-10,30,6,0,3,A,0,0,D
1058,3,2018-03-11,1,28,3,0,H,1,0,H
1059,3,2018-03-11,3,27,1,4,A,1,1,D
1060,3,2018-03-12,24,17,0,2,A,0,1,A
1061,3,2018-03-17,3,29,2,1,H,0,0,D
1062,3,2018-03-17,12,9,0,2,A,0,1,A
1063,3,2018-03-17,16,28,5,0,H,2,0,H
1064,3,2018-03-17,24,10,1,2,A,0,0,D
1065,3,2018-03-31,5,15,0,2,A,0,0,D
1066,3,2018-03-31,9,16,1,2,A,1,0,H
1067,3,2018-03-31,10,17,1,3,A,0,3,A
1068,3,2018-03-31,18,26,2,0,H,2,0,H
1069,3,2018-03-31,20,12,1,0,H,0,0,D
1070,3,2018-03-31,28,3,2,2,D,1,1,D
1071,3,2018-03-31,29,6,1,2,A,0,1,A
1072,3,2018-03-31,30,23,3,0,H,3,0,H
1073,3,2018-04-01,1,24,3,0,H,0,0,D
1074,3,2018-04-01,8,27,1,3,A,1,1,D
1075,3,2018-04-07,3,9,2,2,D,0,0,D
1076,3,2018-04-07,5,12,1,1,D,1,1,D
1077,3,2018-04-07,10,16,0,0,D,0,0,D
1078,3,2018-04-07,15,20,1,2,A,0,1,A
1079,3,2018-04-07,17,18,2,3,A,2,0,H
1080,3,2018-04-07,24,27,1,2,A,0,0,D
1081,3,2018-04-07,28,6,1,2,A,0,0,D
1082,3,2018-04-07,29,26,1,1,D,0,0,D
1083,3,2018-04-08,1,23,3,2,H,2,1,H
1084,3,2018-04-08,8,30,1,1,D,1,0,H
1085,3,2018-04-14,6,15,2,1,H,2,0,H
1086,3,2018-04-14,9,5,3,2,H,3,2,H
1087,3,2018-04-14,12,28,1,0,H,0,0,D
1088,3,2018-04-14,16,3,3,0,H,1,0,H
1089,3,2018-04-14,23,8,2,3,A,1,0,H
1090,3,2018-04-14,26,10,1,1,D,0,1,A
1091,3,2018-04-14,27,17,1,3,A,1,2,A
1092,3,2018-04-15,18,29,0,1,A,0,0,D
1093,3,2018-04-15,20,1,2,1,H,1,1,D
1094,3,2018-04-16,30,24,1,1,D,0,0,D
1095,3,2018-04-17,5,27,1,1,D,0,0,D
1096,3,2018-04-18,3,18,0,2,A,0,1,A
1097,3,2018-04-19,6,8,1,2,A,0,1,A
1098,3,2018-04-19,15,23,0,0,D,0,0,D
1099,3,2018-04-21,28,9,0,0,D,0,0,D
1100,3,2018-04-21,29,16,2,2,D,0,1,A
1101,3,2018-04-22,1,30,4,1,H,0,0,D
1102,3,2018-04-22,17,26,5,0,H,2,0,H
1103,3,2018-04-22,24,6,1,1,D,1,0,H
1104,3,2018-04-23,10,20,1,0,H,0,0,D
1105,3,2018-04-28,6,5,0,0,D,0,0,D
1106,3,2018-04-28,9,15,5,0,H,2,0,H
1107,3,2018-04-28,12,10,0,2,A,0,1,A
1108,3,2018-04-28,16,24,0,0,D,0,0,D
1109,3,2018-04-28,20,29,0,1,A,0,1,A
1110,3,2018-04-28,23,3,2,1,H,1,1,D
1111,3,2018-04-28,26,8,0,1,A,0,1,A
1112,3,2018-04-29,18,1,2,1,H,1,0,H
1113,3,2018-04-29,30,17,1,4,A,1,2,A
1114,3,2018-04-30,27,28,2,0,H,1,0,H
1115,3,2018-05-04,5,18,1,0,H,0,0,D
1116,3,2018-05-05,3,26,1,0,H,1,0,H
1117,3,2018-05-05,10,23,1,1,D,0,0,D
1118,3,2018-05-05,15,30,0,2,A,0,1,A
1119,3,2018-05-05,24,9,1,2,A,1,0,H
1120,3,2018-05-05,28,20,2,1,H,2,0,H
1121,3,2018-05-05,29,27,1,0,H,0,0,D
1122,3,2018-05-06,1,6,5,0,H,2,0,H
1123,3,2018-05-06,8,16,1,0,H,1,0,H
1124,3,2018-05-06,17,12,0,0,D,0,0,D
1125,3,2018-05-08,26,23,0,1,A,0,0,D
1126,3,2018-05-09,8,12,1,1,D,0,0,D
1127,3,2018-05-09,15,1,3,1,H,1,0,H
1128,3,2018-05-09,17,5,3,1,H,2,1,H
1129,3,2018-05-09,27,20,1,0,H,0,0,D
1130,3,2018-05-10,30,18,0,0,D,0,0,D
1131,3,2018-05-13,6,3,1,2,A,1,0,H
1132,3,2018-05-13,9,29,2,0,H,0,0,D
1133,3,2018-05-13,12,1,0,1,A,0,1,A
1134,3,2018-05-13,16,5,4,0,H,2,0,H
1135,3,2018-05-13,18,28,1,0,H,1,0,H
1136,3,2018-05-13,20,8,3,0,H,1,0,H
1137,3,2018-05-13,23,17,0,1,A,0,0,D
1138,3,2018-05-13,26,24,1,2,A,1,2,A
1139,3,2018-05-13,27,15,5,4,H,1,2,A
1140,3,2018-05-13,30,10,3,1,H,1,0,H
1141,4,2018-08-10,18,15,2,1,H,1,0,H
1142,4,2018-08-11,3,7,2,0,H,1,0,H
1143,4,2018-08-11,11,9,0,2,A,0,1,A
1144,4,2018-08-11,12,8,0,3,A,0,2,A
1145,4,2018-08-11,20,27,1,2,A,1,2,A
1146,4,2018-08-11,28,5,2,0,H,1,0,H
1147,4,2018-08-11,31,10,2,2,D,1,1,D
1148,4,2018-08-12,1,17,0,2,A,0,1,A
1149,4,2018-08-12,16,30,4,0,H,2,0,H
1150,4,2018-08-12,23,6,0,0,D,0,0,D
1151,4,2018-08-18,7,20,0,0,D,0,0,D
1152,4,2018-08-18,8,1,3,2,H,2,2,D
1153,4,2018-08-18,10,23,2,1,H,2,0,H
1154,4,2018-08-18,15,31,2,0,H,2,0,H
1155,4,2018-08-18,27,11,3,1,H,1,0,H
1156,4,2018-08-18,30,3,1,2,A,1,0,H
1157,4,2018-08-19,5,18,3,2,H,3,1,H
1158,4,2018-08-19,6,28,1,3,A,1,1,D
1159,4,2018-08-19,17,12,6,1,H,3,1,H
1160,4,2018-08-20,9,16,0,2,A,0,1,A
1161,4,2018-08-25,1,30,3,1,H,1,1,D
1162,4,2018-08-25,3,10,2,2,D,0,0,D
1163,4,2018-08-25,12,7,0,0,D,0,0,D
1164,4,2018-08-25,16,5,1,0,H,1,0,H
1165,4,2018-08-25,23,15,1,2,A,0,0,D
1166,4,2018-08-25,31,17,1,1,D,0,0,D
1167,4,2018-08-26,11,6,4,2,H,3,2,H
1168,4,2018-08-26,20,8,1,2,A,0,0,D
1169,4,2018-08-26,28,9,2,1,H,0,0,D
1170,4,2018-08-27,18,27,0,3,A,0,0,D
1171,4,2018-09-01,5,11,2,2,D,0,1,A
1172,4,2018-09-01,8,3,2,0,H,0,0,D
1173,4,2018-09-01,9,23,0,2,A,0,0,D
1174,4,2018-09-01,10,12,1,1,D,1,1,D
1175,4,2018-09-01,15,16,1,2,A,0,2,A
1176,4,2018-09-01,17,20,2,1,H,1,1,D
1177,4,2018-09-01,30,31,0,1,A,0,0,D
1178,4,2018-09-02,6,18,0,2,A,0,2,A
1179,4,2018-09-02,7,1,2,3,A,1,1,D
1180,4,2018-09-02,28,27,2,1,H,0,0,D
1181,4,2018-09-15,3,15,4,2,H,3,0,H
1182,4,2018-09-15,8,7,4,1,H,2,1,H
1183,4,2018-09-15,12,9,0,1,A,0,1,A
1184,4,2018-09-15,17,11,3,0,H,2,0,H
1185,4,2018-09-15,20,1,1,2,A,0,0,D
1186,4,2018-09-15,27,16,1,2,A,0,1,A
1187,4,2018-09-15,28,18,1,2,A,0,2,A
1188,4,2018-09-16,10,30,1,3,A,1,2,A
1189,4,2018-09-16,31,6,1,0,H,0,0,D
1190,4,2018-09-17,23,5,2,2,D,1,0,H
1191,4,2018-09-22,5,27,1,2,A,0,1,A
1192,4,2018-09-22,6,3,4,0,H,2,0,H
1193,4,2018-09-22,7,17,0,5,A,0,3,A
1194,4,2018-09-22,9,20,0,0,D,0,0,D
1195,4,2018-09-22,11,28,1,1,D,0,1,A
1196,4,2018-09-22,15,12,3,1,H,1,1,D
1197,4,2018-09-22,16,23,3,0,H,3,0,H
1198,4,2018-09-22,18,31,1,1,D,1,0,H
1199,4,2018-09-23,1,10,2,0,H,0,0,D
1200,4,2018-09-23,30,8,0,0,D,0,0,D
1201,4,2018-09-29,1,28,2,0,H,0,0,D
1202,4,2018-09-29,8,16,1,1,D,1,0,H
1203,4,2018-09-29,10,11,3,0,H,0,0,D
1204,4,2018-09-29,12,27,0,2,A,0,2,A
1205,4,2018-09-29,17,5,2,0,H,1,0,H
1206,4,2018-09-29,20,15,0,2,A,0,1,A
1207,4,2018-09-29,30,18,3,1,H,2,0,H
1208,4,2018-09-29,31,23,2,0,H,0,0,D
1209,4,2018-09-30,7,6,1,2,A,0,0,D
1210,4,2018-10-01,3,9,2,1,H,1,0,H
1211,4,2018-10-05,5,30,1,0,H,1,0,H
1212,4,2018-10-06,6,12,1,1,D,1,0,H
1213,4,2018-10-06,9,31,0,1,A,0,0,D
1214,4,2018-10-06,15,10,1,2,A,1,1,D
1215,4,2018-10-06,18,20,3,2,H,0,2,A
1216,4,2018-10-06,27,7,1,0,H,1,0,H
1217,4,2018-10-06,28,3,0,4,A,0,3,A
1218,4,2018-10-07,11,1,1,5,A,1,1,D
1219,4,2018-10-07,16,17,0,0,D,0,0,D
1220,4,2018-10-07,23,8,0,3,A,0,1,A
1221,4,2018-10-20,3,23,0,0,D,0,0,D
1222,4,2018-10-20,7,11,4,2,H,2,2,D
1223,4,2018-10-20,8,18,2,2,D,1,0,H
1224,4,2018-10-20,12,16,0,1,A,0,1,A
1225,4,2018-10-20,17,6,5,0,H,1,0,H
1226,4,2018-10-20,20,5,0,1,A,0,1,A
1227,4,2018-10-20,30,27,0,1,A,0,1,A
1228,4,2018-10-20,31,28,0,2,A,0,2,A
1229,4,2018-10-21,10,9,2,0,H,0,0,D
1230,4,2018-10-22,1,15,3,1,H,1,1,D
1231,4,2018-10-27,5,31,1,0,H,0,0,D
1232,4,2018-10-27,11,3,0,3,A,0,1,A
1233,4,2018-10-27,15,30,1,1,D,0,1,A
1234,4,2018-10-27,16,7,4,1,H,1,0,H
1235,4,2018-10-27,23,20,0,0,D,0,0,D
1236,4,2018-10-27,28,12,3,0,H,2,0,H
1237,4,2018-10-28,6,8,0,4,A,0,1,A
1238,4,2018-10-28,9,1,2,2,D,1,0,H
1239,4,2018-10-28,18,10,2,1,H,1,0,H
1240,4,2018-10-29,27,17,0,1,A,0,1,A
1241,4,2018-11-03,1,16,1,1,D,0,0,D
1242,4,2018-11-03,3,18,1,2,A,1,1,D
1243,4,2018-11-03,7,15,0,1,A,0,0,D
1244,4,2018-11-03,10,5,3,1,H,1,1,D
1245,4,2018-11-03,20,28,1,0,H,0,0,D
1246,4,2018-11-03,30,6,4,2,H,1,1,D
1247,4,2018-11-03,31,27,2,3,A,0,2,A
1248,4,2018-11-04,8,9,3,1,H,1,0,H
1249,4,2018-11-04,17,23,6,1,H,4,1,H
1250,4,2018-11-05,12,11,1,0,H,1,0,H
1251,4,2018-11-10,7,5,2,1,H,1,1,D
1252,4,2018-11-10,9,27,0,1,A,0,0,D
1253,4,2018-11-10,12,30,1,1,D,1,0,H
1254,4,2018-11-10,15,6,0,0,D,0,0,D
1255,4,2018-11-10,20,3,2,1,H,2,1,H
1256,4,2018-11-10,23,28,1,1,D,1,0,H
1257,4,2018-11-11,1,31,1,1,D,0,1,A
1258,4,2018-11-11,8,10,0,0,D,0,0,D
1259,4,2018-11-11,16,11,2,0,H,1,0,H
1260,4,2018-11-11,17,18,3,1,H,1,0,H
1261,4,2018-11-24,5,15,1,1,D,1,0,H
1262,4,2018-11-24,10,7,1,0,H,0,0,D
1263,4,2018-11-24,11,23,3,2,H,2,1,H
1264,4,2018-11-24,18,9,0,0,D,0,0,D
1265,4,2018-11-24,27,8,3,1,H,2,0,H
1266,4,2018-11-24,28,16,0,3,A,0,0,D
1267,4,2018-11-24,30,17,0,4,A,0,3,A
1268,4,2018-11-25,3,1,1,2,A,1,1,D
1269,4,2018-11-25,31,12,0,2,A,0,1,A
1270,4,2018-11-26,6,20,1,2,A,1,2,A
1271,4,2018-11-30,7,31,2,1,H,0,1,A
1272,4,2018-12-01,9,6,2,0,H,1,0,H
1273,4,2018-12-01,12,5,1,2,A,1,1,D
1274,4,2018-12-01,15,28,2,0,H,2,0,H
1275,4,2018-12-01,17,3,3,1,H,1,1,D
1276,4,2018-12-01,20,30,0,3,A,0,1,A
1277,4,2018-12-01,23,18,2,2,D,2,2,D
1278,4,2018-12-02,1,27,4,2,H,1,2,A
1279,4,2018-12-02,8,11,2,0,H,1,0,H
1280,4,2018-12-02,16,10,1,0,H,0,0,D
1281,4,2018-12-04,3,12,2,1,H,2,1,H
1282,4,2018-12-04,5,9,3,1,H,3,0,H
1283,4,2018-12-04,28,17,1,2,A,0,1,A
1284,4,2018-12-04,30,7,3,1,H,0,0,D
1285,4,2018-12-05,6,16,1,3,A,0,0,D
1286,4,2018-12-05,10,20,1,1,D,1,1,D
1287,4,2018-12-05,11,15,1,1,D,1,0,H
1288,4,2018-12-05,18,1,2,2,D,1,1,D
1289,4,2018-12-05,27,23,3,1,H,1,0,H
1290,4,2018-12-05,31,8,2,1,H,0,1,A
1291,4,2018-12-08,1,12,1,0,H,0,0,D
1292,4,2018-12-08,3,16,0,4,A,0,1,A
1293,4,2018-12-08,6,5,1,0,H,1,0,H
1294,4,2018-12-08,7,23,1,0,H,0,0,D
1295,4,2018-12-08,8,17,2,0,H,1,0,H
1296,4,2018-12-08,15,27,0,2,A,0,1,A
1297,4,2018-12-08,18,11,4,1,H,3,0,H
1298,4,2018-12-08,30,9,3,2,H,0,1,A
1299,4,2018-12-09,20,31,1,2,A,1,1,D
1300,4,2018-12-10,10,28,2,2,D,1,0,H
1301,4,2018-12-15,9,15,1,0,H,1,0,H
1302,4,2018-12-15,11,30,0,2,A,0,2,A
1303,4,2018-12-15,12,20,0,1,A,0,0,D
1304,4,2018-12-15,17,10,3,1,H,1,0,H
1305,4,2018-12-15,27,6,1,0,H,0,0,D
1306,4,2018-12-15,28,7,3,2,H,1,0,H
1307,4,2018-12-15,31,3,2,0,H,1,0,H
1308,4,2018-12-16,5,8,1,2,A,0,2,A
1309,4,2018-12-16,16,18,3,1,H,1,1,D
1310,4,2018-12-16,23,1,3,2,H,2,1,H
1311,4,2018-12-21,31,16,0,2,A,0,1,A
1312,4,2018-12-22,1,6,3,1,H,1,0,H
1313,4,2018-12-22,3,5,2,0,H,1,0,H
1314,4,2018-12-22,7,18,1,5,A,1,3,A
1315,4,2018-12-22,8,15,0,1,A,0,0,D
1316,4,2018-12-22,12,23,1,3,A,0,2,A
1317,4,2018-12-22,17,9,2,3,A,1,2,A
1318,4,2018-12-22,20,11,0,0,D,0,0,D
1319,4,2018-12-22,30,28,0,2,A,0,1,A
1320,4,2018-12-23,10,27,2,6,A,1,3,A
1321,4,2018-12-26,5,1,1,1,D,1,1,D
1322,4,2018-12-26,6,10,1,5,A,1,3,A
1323,4,2018-12-26,9,7,0,0,D,0,0,D
1324,4,2018-12-26,11,31,1,1,D,0,0,D
1325,4,2018-12-26,15,17,2,1,H,1,1,D
1326,4,2018-12-26,16,20,4,0,H,1,0,H
1327,4,2018-12-26,18,12,3,1,H,1,0,H
1328,4,2018-12-26,27,3,5,0,H,3,0,H
1329,4,2018-12-26,28,8,1,2,A,1,1,D
1330,4,2018-12-27,23,30,1,2,A,0,0,D
1331,4,2018-12-29,5,10,1,0,H,0,0,D
1332,4,2018-12-29,11,12,1,0,H,0,0,D
1333,4,2018-12-29,15,7,0,1,A,0,0,D
1334,4,2018-12-29,16,1,5,1,H,4,1,H
1335,4,2018-12-29,27,31,1,3,A,1,0,H
1336,4,2018-12-29,28,20,1,1,D,0,1,A
1337,4,2018-12-30,6,30,2,0,H,2,0,H
1338,4,2018-12-30,9,8,0,1,A,0,0,D
1339,4,2018-12-30,18,3,4,1,H,3,1,H
1340,4,2018-12-30,23,17,1,3,A,1,3,A
1341,4,2019-01-01,1,11,4,1,H,1,0,H
1342,4,2019-01-01,7,27,0,3,A,0,3,A
1343,4,2019-01-01,10,15,0,1,A,0,0,D
1344,4,2019-01-02,3,28,3,3,D,3,3,D
1345,4,2019-01-02,8,23,0,0,D,0,0,D
1346,4,2019-01-02,12,6,1,2,A,1,1,D
1347,4,2019-01-02,20,18,0,2,A,0,0,D
1348,4,2019-01-02,30,5,2,2,D,0,0,D
1349,4,2019-01-02,31,9,0,2,A,0,0,D
1350,4,2019-01-03,17,16,2,1,H,1,0,H
1351,4,2019-01-12,5,16,0,1,A,0,0,D
1352,4,2019-01-12,6,11,2,1,H,2,1,H
1353,4,2019-01-12,7,12,0,0,D,0,0,D
1354,4,2019-01-12,8,20,2,1,H,1,1,D
1355,4,2019-01-12,9,28,1,2,A,1,0,H
1356,4,2019-01-12,15,23,1,2,A,0,2,A
1357,4,2019-01-12,30,1,1,0,H,0,0,D
1358,4,2019-01-13,10,3,2,0,H,0,0,D
1359,4,2019-01-13,27,18,0,1,A,0,1,A
1360,4,2019-01-14,17,31,3,0,H,2,0,H
1361,4,2019-01-19,1,8,2,0,H,2,0,H
1362,4,2019-01-19,3,30,2,0,H,0,0,D
1363,4,2019-01-19,16,9,4,3,H,0,1,A
1364,4,2019-01-19,18,5,2,1,H,2,0,H
1365,4,2019-01-19,20,7,3,0,H,1,0,H
1366,4,2019-01-19,23,10,2,1,H,0,0,D
1367,4,2019-01-19,28,6,0,0,D,0,0,D
1368,4,2019-01-19,31,15,4,3,H,2,0,H
1369,4,2019-01-20,11,27,1,2,A,1,0,H
1370,4,2019-01-20,12,17,0,3,A,0,1,A
1371,4,2019-01-29,1,7,2,1,H,0,0,D
1372,4,2019-01-29,11,5,4,2,H,0,2,A
1373,4,2019-01-29,12,10,0,1,A,0,1,A
1374,4,2019-01-29,18,6,2,2,D,0,0,D
1375,4,2019-01-29,20,17,2,1,H,0,1,A
1376,4,2019-01-29,31,30,3,0,H,0,0,D
1377,4,2019-01-30,3,8,4,0,H,0,0,D
1378,4,2019-01-30,16,15,1,1,D,1,1,D
1379,4,2019-01-30,23,9,1,1,D,0,1,A
1380,4,2019-01-30,27,28,2,1,H,0,1,A
1381,4,2019-02-02,5,28,0,0,D,0,0,D
1382,4,2019-02-02,6,23,1,1,D,0,0,D
1383,4,2019-02-02,7,3,2,0,H,1,0,H
1384,4,2019-02-02,8,12,5,0,H,2,0,H
1385,4,2019-02-02,9,11,2,0,H,1,0,H
1386,4,2019-02-02,10,31,1,3,A,1,2,A
1387,4,2019-02-02,27,20,1,0,H,0,0,D
1388,4,2019-02-03,15,18,0,1,A,0,1,A
1389,4,2019-02-03,17,1,3,1,H,2,1,H
1390,4,2019-02-04,30,16,1,1,D,1,1,D
1391,4,2019-02-06,10,17,0,2,A,0,1,A
1392,4,2019-02-09,5,6,1,3,A,0,1,A
1393,4,2019-02-09,9,30,1,1,D,0,1,A
1394,4,2019-02-09,11,18,0,3,A,0,2,A
1395,4,2019-02-09,12,1,1,2,A,0,2,A
1396,4,2019-02-09,16,3,3,0,H,2,0,H
1397,4,2019-02-09,23,7,1,2,A,0,0,D
1398,4,2019-02-09,28,10,1,0,H,0,0,D
1399,4,2019-02-10,17,8,6,0,H,4,0,H
1400,4,2019-02-10,27,15,3,1,H,1,0,H
1401,4,2019-02-11,31,20,1,1,D,0,0,D
1402,4,2019-02-22,7,28,1,5,A,0,1,A
1403,4,2019-02-22,30,11,3,1,H,2,1,H
1404,4,2019-02-23,3,31,1,1,D,1,0,H
1405,4,2019-02-23,6,27,2,1,H,0,0,D
1406,4,2019-02-23,15,9,1,4,A,0,1,A
1407,4,2019-02-23,20,12,2,0,H,0,0,D
1408,4,2019-02-24,1,23,2,0,H,2,0,H
1409,4,2019-02-24,18,16,0,0,D,0,0,D
1410,4,2019-02-26,7,10,0,3,A,0,1,A
1411,4,2019-02-26,12,31,1,0,H,0,0,D
1412,4,2019-02-26,15,5,2,1,H,1,0,H
1413,4,2019-02-26,20,6,2,0,H,2,0,H
1414,4,2019-02-27,1,3,5,1,H,2,1,H
1415,4,2019-02-27,8,27,2,0,H,0,0,D
1416,4,2019-02-27,9,18,1,3,A,0,1,A
1417,4,2019-02-27,16,28,5,0,H,2,0,H
1418,4,2019-02-27,17,30,1,0,H,0,0,D
1419,4,2019-02-27,23,11,2,0,H,2,0,H
1420,4,2019-03-02,3,17,0,1,A,0,0,D
1421,4,2019-03-02,5,12,1,0,H,0,0,D
1422,4,2019-03-02,6,9,1,3,A,0,1,A
1423,4,2019-03-02,18,23,3,2,H,0,1,A
1424,4,2019-03-02,27,1,1,1,D,0,1,A
1425,4,2019-03-02,30,20,2,0,H,2,0,H
1426,4,2019-03-02,31,7,2,0,H,2,0,H
1427,4,2019-03-03,10,16,0,0,D,0,0,D
1428,4,2019-03-03,11,8,1,2,A,1,2,A
1429,4,2019-03-03,28,15,2,1,H,1,0,H
1430,4,2019-03-09,7,30,2,0,H,1,0,H
1431,4,2019-03-09,9,5,1,2,A,0,1,A
1432,4,2019-03-09,12,3,0,2,A,0,1,A
1433,4,2019-03-09,15,11,3,1,H,1,0,H
1434,4,2019-03-09,17,28,3,1,H,0,0,D
1435,4,2019-03-09,20,10,3,2,H,0,2,A
1436,4,2019-03-09,23,27,2,1,H,0,1,A
1437,4,2019-03-10,1,18,2,0,H,1,0,H
1438,4,2019-03-10,8,31,1,1,D,0,0,D
1439,4,2019-03-10,16,6,4,2,H,2,1,H
1440,4,2019-03-16,3,20,2,2,D,0,1,A
1441,4,2019-03-16,6,15,1,2,A,1,1,D
1442,4,2019-03-16,30,12,4,3,H,1,2,A
1443,4,2019-03-17,10,8,2,0,H,0,0,D
1444,4,2019-03-17,11,16,1,2,A,0,1,A
1445,4,2019-03-30,5,23,0,1,A,0,0,D
1446,4,2019-03-30,6,31,2,0,H,1,0,H
1447,4,2019-03-30,9,12,2,0,H,0,0,D
1448,4,2019-03-30,11,17,0,2,A,0,2,A
1449,4,2019-03-30,15,3,2,0,H,1,0,H
1450,4,2019-03-30,18,28,2,1,H,1,0,H
1451,4,2019-03-30,30,10,0,2,A,0,2,A
1452,4,2019-03-31,7,8,1,2,A,0,0,D
1453,4,2019-03-31,16,27,2,1,H,1,0,H
1454,4,2019-04-01,1,20,2,0,H,1,0,H
1455,4,2019-04-02,28,11,4,1,H,1,1,D
1456,4,2019-04-02,31,18,2,1,H,1,1,D
1457,4,2019-04-03,8,5,3,0,H,1,0,H
1458,4,2019-04-03,17,7,2,0,H,2,0,H
1459,4,2019-04-03,27,9,2,0,H,0,0,D
1460,4,2019-04-05,23,16,1,3,A,1,1,D
1461,4,2019-04-06,3,6,1,3,A,1,2,A
1462,4,2019-04-06,12,15,1,4,A,0,1,A
1463,4,2019-04-06,20,9,0,1,A,0,0,D
1464,4,2019-04-07,10,1,1,0,H,1,0,H
1465,4,2019-04-08,8,30,2,0,H,1,0,H
1466,4,2019-04-12,15,20,0,1,A,0,1,A
1467,4,2019-04-13,5,3,0,5,A,0,1,A
1468,4,2019-04-13,6,7,2,0,H,1,0,H
1469,4,2019-04-13,11,10,2,0,H,0,0,D
1470,4,2019-04-13,18,30,2,1,H,1,0,H
1471,4,2019-04-13,23,31,3,1,H,2,1,H
1472,4,2019-04-13,27,12,4,0,H,2,0,H
1473,4,2019-04-14,9,17,1,3,A,0,1,A
1474,4,2019-04-14,16,8,2,0,H,0,0,D
1475,4,2019-04-15,28,1,0,1,A,0,1,A
1476,4,2019-04-16,5,7,0,2,A,0,1,A
1477,4,2019-04-20,3,11,0,1,A,0,0,D
1478,4,2019-04-20,12,28,1,2,A,0,1,A
1479,4,2019-04-20,17,27,1,0,H,1,0,H
1480,4,2019-04-20,20,23,3,1,H,2,0,H
1481,4,2019-04-20,30,15,2,2,D,1,0,H
1482,4,2019-04-20,31,5,0,0,D,0,0,D
1483,4,2019-04-21,1,9,2,3,A,0,1,A
1484,4,2019-04-21,7,16,0,2,A,0,0,D
1485,4,2019-04-21,10,18,4,0,H,2,0,H
1486,4,2019-04-22,8,6,2,2,D,2,2,D
1487,4,2019-04-23,27,5,1,0,H,0,0,D
1488,4,2019-04-23,28,23,1,1,D,0,1,A
1489,4,2019-04-24,18,17,0,2,A,0,0,D
1490,4,2019-04-24,31,1,3,1,H,3,0,H
1491,4,2019-04-26,16,12,5,0,H,3,0,H
1492,4,2019-04-27,5,20,1,1,D,0,1,A
1493,4,2019-04-27,9,10,0,0,D,0,0,D
1494,4,2019-04-27,11,7,1,0,H,0,0,D
1495,4,2019-04-27,23,3,3,3,D,1,2,A
1496,4,2019-04-27,27,30,0,1,A,0,0,D
1497,4,2019-04-27,28,31,1,2,A,0,1,A
1498,4,2019-04-28,6,17,0,1,A,0,0,D
1499,4,2019-04-28,15,1,3,0,H,0,0,D
1500,4,2019-04-28,18,8,1,1,D,1,1,D
1501,4,2019-05-03,10,6,2,0,H,2,0,H
1502,4,2019-05-04,3,27,1,0,H,0,0,D
1503,4,2019-05-04,7,9,2,3,A,1,2,A
1504,4,2019-05-04,20,16,2,3,A,1,2,A
1505,4,2019-05-04,30,23,3,0,H,1,0,H
1506,4,2019-05-04,31,11,1,0,H,0,0,D
1507,4,2019-05-05,1,5,1,1,D,1,0,H
1508,4,2019-05-05,8,28,3,0,H,0,0,D
1509,4,2019-05-05,12,18,1,1,D,0,1,A
1510,4,2019-05-06,17,15,1,0,H,0,0,D
1511,4,2019-05-12,5,17,1,4,A,1,2,A
1512,4,2019-05-12,6,1,1,3,A,0,0,D
1513,4,2019-05-12,9,3,5,3,H,3,1,H
1514,4,2019-05-12,11,20,0,4,A,0,2,A
1515,4,2019-05-12,15,8,0,0,D,0,0,D
1516,4,2019-05-12,16,31,2,0,H,1,0,H
1517,4,2019-05-12,18,7,0,2,A,0,1,A
1518,4,2019-05-12,23,12,1,1,D,1,0,H
1519,4,2019-05-12,27,10,2,2,D,1,0,H
1520,4,2019-05-12,28,30,1,4,A,0,2,A
1521,5,2019-08-09,16,21,4,1,H,4,0,H
1522,5,2019-08-10,30,17,0,5,A,0,1,A
1523,5,2019-08-10,3,22,1,1,D,0,0,D
1524,5,2019-08-10,6,23,3,0,H,0,0,D
1525,5,2019-08-10,9,10,0,0,D,0,0,D
1526,5,2019-08-10,28,5,0,3,A,0,1,A
1527,5,2019-08-10,27,2,3,1,H,0,1,A
1528,5,2019-08-11,15,31,0,0,D,0,0,D
1529,5,2019-08-11,20,1,0,1,A,0,0,D
1530,5,2019-08-11,18,8,4,0,H,1,0,H
1531,5,2019-08-17,1,6,2,1,H,1,1,D
1532,5,2019-08-17,2,3,1,2,A,0,2,A
1533,5,2019-08-17,5,30,1,1,D,0,0,D
1534,5,2019-08-17,10,28,1,0,H,1,0,H
1535,5,2019-08-17,21,20,3,1,H,1,0,H
1536,5,2019-08-17,23,16,1,2,A,0,1,A
1537,5,2019-08-17,17,27,2,2,D,2,1,H
1538,5,2019-08-18,22,9,1,0,H,0,0,D
1539,5,2019-08-18,8,15,1,1,D,1,0,H
1540,5,2019-08-19,31,18,1,1,D,0,1,A
1541,5,2019-08-23,2,10,2,0,H,1,0,H
1542,5,2019-08-24,21,8,2,3,A,2,2,D
1543,5,2019-08-24,5,23,0,2,A,0,0,D
1544,5,2019-08-24,18,9,1,2,A,0,1,A
1545,5,2019-08-24,22,15,1,2,A,0,1,A
1546,5,2019-08-24,28,30,1,3,A,1,1,D
1547,5,2019-08-24,16,1,3,1,H,1,0,H
1548,5,2019-08-25,3,17,1,3,A,1,2,A
1549,5,2019-08-25,27,20,0,1,A,0,1,A
1550,5,2019-08-25,31,6,1,1,D,0,1,A
1551,5,2019-08-31,23,18,1,1,D,0,1,A
1552,5,2019-08-31,8,22,2,2,D,2,0,H
1553,5,2019-08-31,9,2,1,0,H,0,0,D
1554,5,2019-08-31,15,3,3,1,H,2,1,H
1555,5,2019-08-31,17,5,4,0,H,2,0,H
1556,5,2019-08-31,20,28,1,1,D,1,1,D
1557,5,2019-08-31,30,21,2,0,H,1,0,H
1558,5,2019-08-31,6,16,0,3,A,0,2,A
1559,5,2019-09-01,10,31,3,2,H,2,1,H
1560,5,2019-09-01,1,27,2,2,D,1,2,A
1561,5,2019-09-14,16,20,3,1,H,2,1,H
1562,5,2019-09-14,5,6,1,1,D,0,0,D
1563,5,2019-09-14,18,15,1,0,H,1,0,H
1564,5,2019-09-14,22,23,0,1,A,0,0,D
1565,5,2019-09-14,27,9,4,0,H,4,0,H
1566,5,2019-09-14,31,8,2,5,A,0,3,A
1567,5,2019-09-14,21,17,3,2,H,2,1,H
1568,5,2019-09-15,3,10,3,1,H,1,1,D
1569,5,2019-09-15,28,1,2,2,D,0,2,A
1570,5,2019-09-16,2,30,0,0,D,0,0,D
1571,5,2019-09-20,23,3,1,3,A,0,2,A
1572,5,2019-09-21,15,27,2,1,H,0,1,A
1573,5,2019-09-21,6,21,2,0,H,2,0,H
1574,5,2019-09-21,10,22,0,2,A,0,1,A
1575,5,2019-09-21,17,28,8,0,H,5,0,H
1576,5,2019-09-21,20,5,0,0,D,0,0,D
1577,5,2019-09-22,9,31,1,1,D,0,0,D
1578,5,2019-09-22,30,18,2,0,H,1,0,H
1579,5,2019-09-22,1,2,3,2,H,0,1,A
1580,5,2019-09-22,8,16,1,2,A,0,2,A
1581,5,2019-09-28,22,16,0,1,A,0,0,D
1582,5,2019-09-28,2,6,2,2,D,1,0,H
1583,5,2019-09-28,3,30,2,2,D,1,1,D
1584,5,2019-09-28,8,5,2,0,H,0,0,D
1585,5,2019-09-28,9,21,2,0,H,1,0,H
1586,5,2019-09-28,27,23,2,1,H,2,1,H
1587,5,2019-09-28,31,28,2,0,H,1,0,H
1588,5,2019-09-28,10,17,1,3,A,1,1,D
1589,5,2019-09-29,15,20,5,0,H,1,0,H
1590,5,2019-09-30,18,1,1,1,D,1,0,H
1591,5,2019-10-05,5,27,3,0,H,2,0,H
1592,5,2019-10-05,6,10,1,0,H,0,0,D
1593,5,2019-10-05,16,15,2,1,H,1,0,H
1594,5,2019-10-05,21,2,1,5,A,0,2,A
1595,5,2019-10-05,28,22,0,0,D,0,0,D
1596,5,2019-10-05,30,9,1,2,A,0,0,D
1597,5,2019-10-06,1,3,1,0,H,1,0,H
1598,5,2019-10-06,17,31,0,2,A,0,0,D
1599,5,2019-10-06,23,8,1,4,A,1,3,A
1600,5,2019-10-06,20,18,1,0,H,0,0,D
1601,5,2019-10-19,10,30,2,0,H,1,0,H
1602,5,2019-10-19,2,5,2,1,H,1,1,D
1603,5,2019-10-19,3,21,0,0,D,0,0,D
1604,5,2019-10-19,8,20,1,0,H,0,0,D
1605,5,2019-10-19,15,6,2,1,H,1,1,D
1606,5,2019-10-19,27,28,1,1,D,0,1,A
1607,5,2019-10-19,31,23,1,1,D,0,0,D
1608,5,2019-10-19,9,17,0,2,A,0,2,A
1609,5,2019-10-20,18,16,1,1,D,1,0,H
1610,5,2019-10-21,22,1,1,0,H,1,0,H
1611,5,2019-10-25,23,15,0,9,A,0,5,A
1612,5,2019-10-26,17,2,3,0,H,0,0,D
1613,5,2019-10-26,5,10,3,2,H,1,1,D
1614,5,2019-10-26,28,3,0,0,D,0,0,D
1615,5,2019-10-26,30,22,1,1,D,1,0,H
1616,5,2019-10-26,6,8,2,4,A,0,2,A
1617,5,2019-10-27,20,31,1,1,D,1,0,H
1618,5,2019-10-27,1,9,2,2,D,2,1,H
1619,5,2019-10-27,16,27,2,1,H,0,1,A
1620,5,2019-10-27,21,18,1,3,A,0,2,A
1621,5,2019-11-02,3,18,1,0,H,1,0,H
1622,5,2019-11-02,1,31,1,1,D,1,0,H
1623,5,2019-11-02,2,16,1,2,A,1,0,H
1624,5,2019-11-02,5,21,2,0,H,0,0,D
1625,5,2019-11-02,17,23,2,1,H,0,1,A
1626,5,2019-11-02,22,6,3,0,H,3,0,H
1627,5,2019-11-02,30,20,2,3,A,0,2,A
1628,5,2019-11-02,28,8,1,2,A,0,1,A
1629,5,2019-11-03,9,15,0,2,A,0,0,D
1630,5,2019-11-03,10,27,1,1,D,0,0,D
1631,5,2019-11-08,21,28,0,2,A,0,1,A
1632,5,2019-11-09,8,9,2,0,H,0,0,D
1633,5,2019-11-09,6,30,3,0,H,2,0,H
1634,5,2019-11-09,20,3,2,1,H,1,1,D
1635,5,2019-11-09,23,10,1,2,A,0,1,A
1636,5,2019-11-09,27,22,1,1,D,0,0,D
1637,5,2019-11-09,15,1,2,0,H,0,0,D
1638,5,2019-11-10,18,5,3,1,H,2,0,H
1639,5,2019-11-10,31,2,2,1,H,1,0,H
1640,5,2019-11-10,16,17,3,1,H,2,0,H
1641,5,2019-11-23,30,27,2,3,A,0,2,A
1642,5,2019-11-23,1,23,2,2,D,1,1,D
1643,5,2019-11-23,3,31,1,2,A,0,2,A
1644,5,2019-11-23,5,15,0,2,A,0,0,D
1645,5,2019-11-23,9,16,1,2,A,0,0,D
1646,5,2019-11-23,10,21,0,2,A,0,0,D
1647,5,2019-11-23,28,6,0,3,A,0,0,D
1648,5,2019-11-23,17,8,2,1,H,2,1,H
1649,5,2019-11-24,22,18,3,3,D,1,0,H
1650,5,2019-11-25,2,20,2,0,H,2,0,H
1651,5,2019-11-30,20,17,2,2,D,1,1,D
1652,5,2019-11-30,6,9,0,2,A,0,1,A
1653,5,2019-11-30,8,30,0,1,A,0,0,D
1654,5,2019-11-30,16,5,2,1,H,2,0,H
1655,5,2019-11-30,27,3,3,2,H,1,0,H
1656,5,2019-11-30,23,28,2,1,H,0,1,A
1657,5,2019-12-01,21,1,2,2,D,2,1,H
1658,5,2019-12-01,31,22,1,1,D,0,1,A
1659,5,2019-12-01,15,10,2,1,H,0,1,A
1660,5,2019-12-01,18,2,2,2,D,1,1,D
1661,5,2019-12-03,9,3,1,0,H,0,0,D
1662,5,2019-12-03,6,17,1,4,A,0,1,A
1663,5,2019-12-04,8,2,2,1,H,1,1,D
1664,5,2019-12-04,15,28,2,0,H,0,0,D
1665,5,2019-12-04,18,27,2,1,H,1,1,D
1666,5,2019-12-04,23,21,2,1,H,2,0,H
1667,5,2019-12-04,31,30,2,0,H,1,0,H
1668,5,2019-12-04,16,10,5,2,H,4,2,H
1669,5,2019-12-05,22,20,0,2,A,0,1,A
1670,5,2019-12-05,1,5,1,2,A,0,1,A
1671,5,2019-12-07,10,8,3,1,H,1,0,H
1672,5,2019-12-07,3,16,0,3,A,0,2,A
1673,5,2019-12-07,27,6,5,0,H,3,0,H
1674,5,2019-12-07,28,9,0,0,D,0,0,D
1675,5,2019-12-07,17,18,1,2,A,0,2,A
1676,5,2019-12-08,2,15,1,4,A,1,2,A
1677,5,2019-12-08,20,23,2,1,H,0,0,D
1678,5,2019-12-08,21,22,1,2,A,1,0,H
1679,5,2019-12-08,5,31,2,2,D,2,2,D
1680,5,2019-12-09,30,1,1,3,A,1,0,H
1681,5,2019-12-14,16,28,2,0,H,1,0,H
1682,5,2019-12-14,6,20,1,0,H,0,0,D
1683,5,2019-12-14,8,3,0,1,A,0,0,D
1684,5,2019-12-14,15,21,1,1,D,1,1,D
1685,5,2019-12-14,22,2,2,0,H,0,0,D
1686,5,2019-12-14,23,30,0,1,A,0,1,A
1687,5,2019-12-15,18,10,1,1,D,0,1,A
1688,5,2019-12-15,31,27,1,2,A,0,1,A
1689,5,2019-12-15,1,17,0,3,A,0,3,A
1690,5,2019-12-16,9,5,1,1,D,0,0,D
1691,5,2019-12-21,10,1,0,0,D,0,0,D
1692,5,2019-12-21,2,23,1,3,A,0,2,A
1693,5,2019-12-21,3,6,0,1,A,0,0,D
1694,5,2019-12-21,5,22,0,1,A,0,1,A
1695,5,2019-12-21,20,9,1,0,H,0,0,D
1696,5,2019-12-21,21,31,1,2,A,1,0,H
1697,5,2019-12-21,17,15,3,1,H,2,1,H
1698,5,2019-12-22,28,18,2,0,H,0,0,D
1699,5,2019-12-22,27,8,0,2,A,0,2,A
1700,5,2019-12-26,27,5,2,1,H,0,1,A
1701,5,2019-12-26,2,21,1,0,H,0,0,D
1702,5,2019-12-26,3,1,1,1,D,1,0,H
1703,5,2019-12-26,8,23,0,2,A,0,1,A
1704,5,2019-12-26,9,30,2,1,H,0,0,D
1705,5,2019-12-26,10,6,1,0,H,0,0,D
1706,5,2019-12-26,22,28,1,1,D,1,1,D
1707,5,2019-12-26,18,20,4,1,H,3,1,H
1708,5,2019-12-26,15,16,0,4,A,0,1,A
1709,5,2019-12-27,31,17,3,2,H,0,1,A
1710,5,2019-12-28,5,3,2,0,H,1,0,H
1711,5,2019-12-28,20,10,1,2,A,0,1,A
1712,5,2019-12-28,23,9,1,1,D,0,0,D
1713,5,2019-12-28,28,2,3,0,H,1,0,H
1714,5,2019-12-28,21,27,2,2,D,1,0,H
1715,5,2019-12-28,30,15,1,2,A,1,1,D
1716,5,2019-12-28,6,18,0,2,A,0,1,A
1717,5,2019-12-29,1,8,1,2,A,1,0,H
1718,5,2019-12-29,16,31,1,0,H,1,0,H
1719,5,2019-12-29,17,22,2,0,H,0,0,D
1720,5,2020-01-01,5,8,1,1,D,0,1,A
1721,5,2020-01-01,6,2,1,2,A,0,2,A
1722,5,2020-01-01,20,15,0,3,A,0,2,A
1723,5,2020-01-01,23,27,1,0,H,1,0,H
1724,5,2020-01-01,28,31,2,1,H,1,0,H
1725,5,2020-01-01,17,10,2,1,H,0,0,D
1726,5,2020-01-01,21,9,1,1,D,1,0,H
1727,5,2020-01-01,30,3,4,0,H,3,0,H
1728,5,2020-01-01,1,18,2,0,H,2,0,H
1729,5,2020-01-02,16,22,2,0,H,1,0,H
1730,5,2020-01-10,22,30,1,0,H,0,0,D
1731,5,2020-01-11,9,1,1,1,D,0,1,A
1732,5,2020-01-11,8,6,3,0,H,2,0,H
1733,5,2020-01-11,10,5,1,0,H,1,0,H
1734,5,2020-01-11,15,23,1,2,A,1,1,D
1735,5,2020-01-11,18,21,4,0,H,1,0,H
1736,5,2020-01-11,31,20,1,1,D,1,1,D
1737,5,2020-01-11,27,16,0,1,A,0,1,A
1738,5,2020-01-12,3,28,0,3,A,0,1,A
1739,5,2020-01-12,2,17,1,6,A,0,4,A
1740,5,2020-01-18,28,27,0,0,D,0,0,D
1741,5,2020-01-18,1,22,1,1,D,1,0,H
1742,5,2020-01-18,5,2,1,1,D,1,0,H
1743,5,2020-01-18,17,9,2,2,D,0,1,A
1744,5,2020-01-18,21,3,1,0,H,1,0,H
1745,5,2020-01-18,23,31,2,3,A,2,0,H
1746,5,2020-01-18,30,10,1,1,D,1,1,D
1747,5,2020-01-18,20,8,1,0,H,0,0,D
1748,5,2020-01-19,6,15,2,1,H,0,1,A
1749,5,2020-01-19,16,18,2,0,H,1,0,H
1750,5,2020-01-21,2,28,2,1,H,0,1,A
1751,5,2020-01-21,3,5,3,1,H,2,0,H
1752,5,2020-01-21,9,23,0,2,A,0,1,A
1753,5,2020-01-21,10,20,2,2,D,1,0,H
1754,5,2020-01-21,22,17,0,1,A,0,0,D
1755,5,2020-01-21,8,1,2,2,D,1,0,H
1756,5,2020-01-22,15,30,4,1,H,2,0,H
1757,5,2020-01-22,27,21,2,1,H,1,0,H
1758,5,2020-01-22,18,6,0,2,A,0,1,A
1759,5,2020-01-23,31,16,1,2,A,0,1,A
1760,5,2020-01-29,30,16,0,2,A,0,1,A
1761,5,2020-02-01,15,8,2,2,D,0,0,D
1762,5,2020-02-01,3,2,2,1,H,2,0,H
1763,5,2020-02-01,9,22,0,1,A,0,0,D
1764,5,2020-02-01,16,23,4,0,H,0,0,D
1765,5,2020-02-01,20,21,0,0,D,0,0,D
1766,5,2020-02-01,28,10,2,3,A,2,2,D
1767,5,2020-02-01,30,5,3,3,D,2,0,H
1768,5,2020-02-01,18,31,0,0,D,0,0,D
1769,5,2020-02-02,6,1,0,0,D,0,0,D
1770,5,2020-02-02,27,17,2,0,H,0,0,D
1771,5,2020-02-08,10,9,3,1,H,1,0,H
1772,5,2020-02-08,5,28,1,1,D,0,1,A
1773,5,2020-02-09,22,3,2,1,H,1,1,D
1774,5,2020-02-14,31,15,0,0,D,0,0,D
1775,5,2020-02-15,23,6,1,2,A,1,1,D
1776,5,2020-02-15,21,16,0,1,A,0,0,D
1777,5,2020-02-16,2,27,2,3,A,1,2,A
1778,5,2020-02-16,1,20,4,0,H,0,0,D
1779,5,2020-02-17,8,18,0,2,A,0,1,A
1780,5,2020-02-19,17,30,2,0,H,1,0,H
1781,5,2020-02-22,8,27,2,1,H,1,0,H
1782,5,2020-02-22,6,3,3,0,H,0,0,D
1783,5,2020-02-22,9,20,1,0,H,1,0,H
1784,5,2020-02-22,22,5,1,1,D,1,1,D
1785,5,2020-02-22,23,2,2,0,H,1,0,H
1786,5,2020-02-22,15,17,0,1,A,0,0,D
1787,5,2020-02-23,18,28,3,0,H,1,0,H
1788,5,2020-02-23,31,21,3,0,H,2,0,H
1789,5,2020-02-23,1,10,3,2,H,2,2,D
1790,5,2020-02-24,16,30,3,2,H,1,1,D
1791,5,2020-02-28,21,15,1,0,H,0,0,D
1792,5,2020-02-29,5,9,0,1,A,0,0,D
1793,5,2020-02-29,3,8,2,2,D,0,1,A
1794,5,2020-02-29,20,6,0,0,D,0,0,D
1795,5,2020-02-29,30,23,3,1,H,2,1,H
1796,5,2020-02-29,28,16,3,0,H,0,0,D
1797,5,2020-03-01,10,18,1,1,D,1,1,D
1798,5,2020-03-01,27,31,2,3,A,2,1,H
1799,5,2020-03-07,16,3,2,1,H,2,1,H
1800,5,2020-03-07,1,30,1,0,H,0,0,D
1801,5,2020-03-07,9,28,1,0,H,1,0,H
1802,5,2020-03-07,22,21,1,0,H,1,0,H
1803,5,2020-03-07,23,20,0,1,A,0,0,D
1804,5,2020-03-07,31,5,0,0,D,0,0,D
1805,5,2020-03-07,6,27,1,1,D,1,0,H
1806,5,2020-03-08,8,10,4,0,H,2,0,H
1807,5,2020-03-08,18,17,2,0,H,1,0,H
1808,5,2020-03-09,15,2,4,0,H,1,0,H
1809,5,2020-06-17,2,22,0,0,D,0,0,D
1810,5,2020-06-17,17,1,3,0,H,1,0,H
1811,5,2020-06-19,21,23,0,3,A,0,0,D
1812,5,2020-06-19,27,18,1,1,D,1,0,H
1813,5,2020-06-20,28,15,1,1,D,0,0,D
1814,5,2020-06-20,5,1,2,1,H,0,0,D
1815,5,2020-06-20,30,31,0,2,A,0,0,D
1816,5,2020-06-20,3,9,0,2,A,0,2,A
1817,5,2020-06-21,20,22,3,0,H,0,0,D
1818,5,2020-06-21,2,8,1,2,A,1,0,H
1819,5,2020-06-21,10,16,0,0,D,0,0,D
1820,5,2020-06-22,17,6,5,0,H,3,0,H
1821,5,2020-06-23,15,5,0,0,D,0,0,D
1822,5,2020-06-23,27,30,2,0,H,0,0,D
1823,5,2020-06-24,18,22,3,0,H,2,0,H
1824,5,2020-06-24,20,2,1,1,D,0,0,D
1825,5,2020-06-24,21,10,0,1,A,0,0,D
1826,5,2020-06-24,31,3,1,0,H,0,0,D
1827,5,2020-06-24,16,9,4,0,H,2,0,H
1828,5,2020-06-25,6,28,1,0,H,0,0,D
1829,5,2020-06-25,23,1,0,2,A,0,1,A
1830,5,2020-06-25,8,17,2,1,H,1,0,H
1831,5,2020-06-27,2,31,0,1,A,0,0,D
1832,5,2020-06-28,28,23,1,3,A,0,1,A
1833,5,2020-06-29,9,6,0,1,A,0,0,D
1834,5,2020-06-30,5,18,0,3,A,0,2,A
1835,5,2020-07-01,1,21,4,0,H,2,0,H
1836,5,2020-07-01,3,20,1,4,A,0,2,A
1837,5,2020-07-01,10,15,2,1,H,2,0,H
1838,5,2020-07-01,30,8,3,2,H,1,1,D
1839,5,2020-07-02,22,27,3,1,H,1,0,H
1840,5,2020-07-02,17,16,4,0,H,3,0,H
1841,5,2020-07-04,21,5,0,1,A,0,1,A
1842,5,2020-07-04,15,9,3,0,H,0,0,D
1843,5,2020-07-04,18,3,5,2,H,3,1,H
1844,5,2020-07-04,31,1,0,2,A,0,1,A
1845,5,2020-07-04,8,28,3,0,H,2,0,H
1846,5,2020-07-05,6,22,1,1,D,1,0,H
1847,5,2020-07-05,20,30,2,2,D,1,1,D
1848,5,2020-07-05,16,2,2,0,H,0,0,D
1849,5,2020-07-05,23,17,1,0,H,1,0,H
1850,5,2020-07-06,27,10,1,0,H,1,0,H
1851,5,2020-07-07,9,8,2,3,A,1,2,A
1852,5,2020-07-07,28,21,2,1,H,1,1,D
1853,5,2020-07-07,1,15,1,1,D,1,0,H
1854,5,2020-07-08,17,20,5,0,H,2,0,H
1855,5,2020-07-08,22,31,1,0,H,0,0,D
1856,5,2020-07-08,30,6,0,1,A,0,1,A
1857,5,2020-07-08,5,16,1,3,A,1,2,A
1858,5,2020-07-09,3,27,0,0,D,0,0,D
1859,5,2020-07-09,10,23,1,1,D,1,1,D
1860,5,2020-07-09,2,18,0,3,A,0,2,A
1861,5,2020-07-11,21,30,0,4,A,0,2,A
1862,5,2020-07-11,28,20,2,1,H,0,1,A
1863,5,2020-07-11,16,6,1,1,D,1,0,H
1864,5,2020-07-11,22,8,3,0,H,2,0,H
1865,5,2020-07-11,5,17,0,5,A,0,2,A
1866,5,2020-07-12,31,10,3,0,H,1,0,H
1867,5,2020-07-12,2,9,2,0,H,1,0,H
1868,5,2020-07-12,27,1,2,1,H,1,1,D
1869,5,2020-07-12,3,15,4,1,H,0,1,A
1870,5,2020-07-13,18,23,2,2,D,2,1,H
1871,5,2020-07-14,8,21,1,0,H,1,0,H
1872,5,2020-07-15,6,31,1,1,D,0,0,D
1873,5,2020-07-15,17,3,2,1,H,2,0,H
1874,5,2020-07-15,20,27,1,3,A,0,1,A
1875,5,2020-07-15,1,16,2,1,H,2,1,H
1876,5,2020-07-16,10,2,1,1,D,0,0,D
1877,5,2020-07-16,15,22,2,0,H,1,0,H
1878,5,2020-07-16,9,18,0,2,A,0,1,A
1879,5,2020-07-16,23,5,1,1,D,0,1,A
1880,5,2020-07-17,30,28,3,1,H,3,0,H
1881,5,2020-07-18,21,6,0,2,A,0,1,A
1882,5,2020-07-19,3,23,0,2,A,0,1,A
1883,5,2020-07-19,27,15,3,0,H,3,0,H
1884,5,2020-07-20,5,20,0,0,D,0,0,D
1885,5,2020-07-20,22,10,0,1,A,0,0,D
1886,5,2020-07-20,31,9,2,0,H,1,0,H
1887,5,2020-07-21,28,17,0,4,A,0,2,A
1888,5,2020-07-21,2,1,1,0,H,1,0,H
1889,5,2020-07-22,18,30,1,1,D,0,1,A
1890,5,2020-07-22,16,8,5,3,H,3,1,H
1891,5,2020-07-26,1,28,3,2,H,3,1,H
1892,5,2020-07-26,6,5,1,2,A,1,1,D
1893,5,2020-07-26,8,31,2,0,H,2,0,H
1894,5,2020-07-26,9,27,1,1,D,0,1,A
1895,5,2020-07-26,10,3,1,3,A,1,2,A
1896,5,2020-07-26,15,18,0,2,A,0,0,D
1897,5,2020-07-26,17,21,5,0,H,2,0,H
1898,5,2020-07-26,20,16,1,3,A,1,1,D
1899,5,2020-07-26,23,22,3,1,H,0,1,A
1900,5,2020-07-26,30,2,1,1,D,0,0,D
1901,6,2020-09-12,11,1,0,3,A,0,1,A
1902,6,2020-09-12,9,23,1,0,H,1,0,H
1903,6,2020-09-12,16,14,4,3,H,3,2,H
1904,6,2020-09-12,30,20,0,2,A,0,0,D
1905,6,2020-09-13,29,15,0,3,A,0,0,D
1906,6,2020-09-13,27,10,0,1,A,0,0,D
1907,6,2020-09-14,5,8,1,3,A,0,1,A
1908,6,2020-09-14,22,31,0,2,A,0,2,A
1909,6,2020-09-19,10,29,5,2,H,2,1,H
1910,6,2020-09-19,14,11,4,3,H,2,1,H
1911,6,2020-09-19,18,9,1,3,A,0,1,A
1912,6,2020-09-19,1,30,2,1,H,1,1,D
1913,6,2020-09-20,23,27,2,5,A,1,1,D
1914,6,2020-09-20,20,5,0,3,A,0,2,A
1915,6,2020-09-20,8,16,0,2,A,0,0,D
1916,6,2020-09-20,15,6,4,2,H,1,1,D
1917,6,2020-09-21,2,22,1,0,H,0,0,D
1918,6,2020-09-21,31,17,1,3,A,0,2,A
1919,6,2020-09-26,5,18,2,3,A,1,1,D
1920,6,2020-09-26,9,10,1,2,A,1,2,A
1921,6,2020-09-26,29,8,3,3,D,3,0,H
1922,6,2020-09-26,6,23,0,1,A,0,1,A
1923,6,2020-09-27,22,14,0,1,A,0,0,D
1924,6,2020-09-27,27,20,1,1,D,1,0,H
1925,6,2020-09-27,17,15,2,5,A,1,1,D
1926,6,2020-09-27,30,31,4,0,H,1,0,H
1927,6,2020-09-28,11,2,0,3,A,0,2,A
1928,6,2020-09-28,16,1,3,1,H,2,1,H
1929,6,2020-10-03,8,9,4,0,H,0,0,D
1930,6,2020-10-03,10,5,4,2,H,2,1,H
1931,6,2020-10-03,14,17,1,1,D,0,1,A
1932,6,2020-10-03,20,6,3,1,H,1,0,H
1933,6,2020-10-04,15,30,0,3,A,0,2,A
1934,6,2020-10-04,23,29,2,0,H,1,0,H
1935,6,2020-10-04,1,22,2,1,H,0,0,D
1936,6,2020-10-04,31,11,1,0,H,0,0,D
1937,6,2020-10-04,18,27,1,6,A,1,4,A
1938,6,2020-10-04,2,16,7,2,H,4,1,H
1939,6,2020-10-17,10,16,2,2,D,1,1,D
1940,6,2020-10-17,8,23,3,3,D,2,1,H
1941,6,2020-10-17,17,1,1,0,H,1,0,H
1942,6,2020-10-17,20,18,1,4,A,1,1,D
1943,6,2020-10-18,22,11,1,1,D,0,0,D
1944,6,2020-10-18,9,5,1,1,D,1,0,H
1945,6,2020-10-18,27,30,3,3,D,3,0,H
1946,6,2020-10-18,15,2,0,1,A,0,0,D
1947,6,2020-10-19,29,6,0,0,D,0,0,D
1948,6,2020-10-19,14,31,0,1,A,0,0,D
1949,6,2020-10-23,2,14,0,3,A,0,0,D
1950,6,2020-10-24,30,17,1,1,D,1,0,H
1951,6,2020-10-24,11,9,1,2,A,0,1,A
1952,6,2020-10-24,18,8,0,0,D,0,0,D
1953,6,2020-10-24,16,22,2,1,H,1,1,D
1954,6,2020-10-25,23,10,2,0,H,2,0,H
1955,6,2020-10-25,31,20,1,1,D,0,0,D
1956,6,2020-10-25,1,15,0,1,A,0,0,D
1957,6,2020-10-26,5,29,1,1,D,1,0,H
1958,6,2020-10-26,6,27,0,1,A,0,0,D
1959,6,2020-10-30,31,9,2,0,H,2,0,H
1960,6,2020-10-31,22,17,0,1,A,0,1,A
1961,6,2020-10-31,6,8,0,3,A,0,1,A
1962,6,2020-10-31,16,30,2,1,H,1,1,D
1963,6,2020-11-01,2,23,3,4,A,0,3,A
1964,6,2020-11-01,20,10,2,1,H,0,0,D
1965,6,2020-11-01,18,1,0,1,A,0,0,D
1966,6,2020-11-01,27,5,2,1,H,1,0,H
1967,6,2020-11-02,11,29,2,0,H,2,0,H
1968,6,2020-11-02,14,15,1,4,A,0,2,A
1969,6,2020-11-06,5,6,0,0,D,0,0,D
1970,6,2020-11-06,23,20,2,0,H,1,0,H
1971,6,2020-11-07,10,18,1,3,A,1,2,A
1972,6,2020-11-07,9,14,4,1,H,3,1,H
1973,6,2020-11-07,8,22,4,1,H,2,1,H
1974,6,2020-11-07,30,11,1,0,H,0,0,D
1975,6,2020-11-08,29,27,0,1,A,0,0,D
1976,6,2020-11-08,15,31,1,0,H,1,0,H
1977,6,2020-11-08,17,16,1,1,D,1,1,D
1978,6,2020-11-08,1,2,0,3,A,0,1,A
1979,6,2020-11-21,20,8,0,2,A,0,1,A
1980,6,2020-11-21,2,5,1,2,A,0,1,A
1981,6,2020-11-21,27,17,2,0,H,1,0,H
1982,6,2020-11-21,18,29,1,0,H,0,0,D
1983,6,2020-11-22,11,10,2,3,A,1,3,A
1984,6,2020-11-22,22,30,0,1,A,0,0,D
1985,6,2020-11-22,14,1,0,0,D,0,0,D
1986,6,2020-11-22,16,15,3,0,H,2,0,H
1987,6,2020-11-23,6,9,1,0,H,1,0,H
1988,6,2020-11-23,31,23,1,1,D,0,0,D
1989,6,2020-11-27,9,20,0,2,A,0,0,D
1990,6,2020-11-28,5,16,1,1,D,0,0,D
1991,6,2020-11-28,17,6,5,0,H,3,0,H
1992,6,2020-11-28,10,14,0,1,A,0,0,D
1993,6,2020-11-28,29,22,1,0,H,1,0,H
1994,6,2020-11-29,23,18,2,3,A,2,0,H
1995,6,2020-11-29,8,27,0,0,D,0,0,D
1996,6,2020-11-29,1,31,1,2,A,1,2,A
1997,6,2020-11-30,15,11,1,2,A,0,2,A
1998,6,2020-11-30,30,2,2,1,H,1,1,D
1999,6,2020-12-05,6,10,1,1,D,1,1,D
2000,6,2020-12-05,17,11,2,0,H,2,0,H
2001,6,2020-12-05,30,18,1,3,A,1,0,H
2002,6,2020-12-05,8,14,3,1,H,1,1,D
2003,6,2020-12-06,29,9,1,5,A,1,1,D
2004,6,2020-12-06,22,15,1,2,A,1,1,D
2005,6,2020-12-06,27,1,2,0,H,2,0,H
2006,6,2020-12-06,16,31,4,0,H,1,0,H
2007,6,2020-12-07,5,23,1,2,A,1,1,D
2008,6,2020-12-11,14,30,1,2,A,1,1,D
2009,6,2020-12-12,31,2,0,1,A,0,0,D
2010,6,2020-12-12,20,29,2,1,H,1,0,H
2011,6,2020-12-12,18,17,0,0,D,0,0,D
2012,6,2020-12-12,10,8,1,0,H,1,0,H
2013,6,2020-12-13,23,22,3,0,H,1,0,H
2014,6,2020-12-13,9,27,1,1,D,0,1,A
2015,6,2020-12-13,11,16,1,1,D,1,0,H
2016,6,2020-12-13,1,6,0,1,A,0,0,D
2017,6,2020-12-13,15,5,3,0,H,3,0,H
2018,6,2020-12-15,31,8,2,1,H,0,0,D
2019,6,2020-12-15,17,29,1,1,D,1,1,D
2020,6,2020-12-16,1,23,1,1,D,0,1,A
2021,6,2020-12-16,14,20,5,2,H,1,1,D
2022,6,2020-12-16,15,10,0,2,A,0,1,A
2023,6,2020-12-16,11,5,0,0,D,0,0,D
2024,6,2020-12-16,16,27,2,1,H,1,1,D
2025,6,2020-12-16,30,9,1,1,D,0,1,A
2026,6,2020-12-17,2,6,0,0,D,0,0,D
2027,6,2020-12-17,22,18,2,3,A,1,2,A
2028,6,2020-12-19,9,16,0,7,A,0,3,A
2029,6,2020-12-19,23,17,0,1,A,0,1,A
2030,6,2020-12-19,10,1,2,1,H,2,1,H
2031,6,2020-12-19,20,11,1,1,D,0,1,A
2032,6,2020-12-20,5,22,1,1,D,0,0,D
2033,6,2020-12-20,27,15,0,2,A,0,1,A
2034,6,2020-12-20,18,14,6,2,H,4,1,H
2035,6,2020-12-20,29,2,0,3,A,0,1,A
2036,6,2020-12-21,6,31,2,1,H,1,0,H
2037,6,2020-12-21,8,30,3,0,H,1,0,H
2038,6,2020-12-26,15,18,2,2,D,1,1,D
2039,6,2020-12-26,2,9,3,0,H,1,0,H
2040,6,2020-12-26,11,23,0,0,D,0,0,D
2041,6,2020-12-26,1,8,3,1,H,2,0,H
2042,6,2020-12-26,17,20,2,0,H,1,0,H
2043,6,2020-12-26,22,10,0,1,A,0,0,D
2044,6,2020-12-27,14,6,1,0,H,1,0,H
2045,6,2020-12-27,30,5,2,2,D,0,1,A
2046,6,2020-12-27,16,29,1,1,D,1,0,H
2047,6,2020-12-27,31,27,1,1,D,0,1,A
2048,6,2020-12-28,9,15,1,1,D,0,0,D
2049,6,2020-12-28,8,2,1,1,D,1,0,H
2050,6,2020-12-29,5,1,0,1,A,0,0,D
2051,6,2020-12-29,6,22,1,0,H,1,0,H
2052,6,2020-12-29,23,30,0,0,D,0,0,D
2053,6,2020-12-29,29,14,0,5,A,0,4,A
2054,6,2020-12-29,18,31,1,0,H,0,0,D
2055,6,2020-12-30,20,16,0,0,D,0,0,D
2056,6,2021-01-01,10,30,0,1,A,0,0,D
2057,6,2021-01-01,18,2,2,1,H,1,0,H
2058,6,2021-01-02,27,14,3,0,H,2,0,H
2059,6,2021-01-02,9,22,2,0,H,2,0,H
2060,6,2021-01-02,5,31,3,3,D,1,3,A
2061,6,2021-01-02,29,1,0,4,A,0,2,A
2062,6,2021-01-03,20,15,1,2,A,0,0,D
2063,6,2021-01-03,8,17,1,3,A,0,3,A
2064,6,2021-01-04,23,16,1,0,H,1,0,H
2065,6,2021-01-12,22,20,1,0,H,0,0,D
2066,6,2021-01-12,6,18,0,1,A,0,0,D
2067,6,2021-01-12,31,10,1,2,A,1,1,D
2068,6,2021-01-13,17,5,1,0,H,1,0,H
2069,6,2021-01-13,27,11,1,1,D,1,0,H
2070,6,2021-01-14,1,9,0,0,D,0,0,D
2071,6,2021-01-16,31,29,2,3,A,2,1,H
2072,6,2021-01-16,14,5,0,1,A,0,1,A
2073,6,2021-01-16,30,6,1,0,H,1,0,H
2074,6,2021-01-16,11,8,0,1,A,0,0,D
2075,6,2021-01-16,15,23,2,0,H,1,0,H
2076,6,2021-01-17,22,27,1,3,A,0,2,A
2077,6,2021-01-17,16,18,0,0,D,0,0,D
2078,6,2021-01-17,17,9,4,0,H,1,0,H
2079,6,2021-01-18,1,20,3,0,H,0,0,D
2080,6,2021-01-19,30,29,2,1,H,1,0,H
2081,6,2021-01-19,15,8,2,0,H,2,0,H
2082,6,2021-01-20,17,2,2,0,H,0,0,D
2083,6,2021-01-20,11,18,1,2,A,1,1,D
2084,6,2021-01-21,16,6,0,1,A,0,0,D
2085,6,2021-01-23,2,20,2,0,H,2,0,H
2086,6,2021-01-26,9,30,2,3,A,1,2,A
2087,6,2021-01-26,20,14,1,2,A,0,1,A
2088,6,2021-01-26,23,1,1,3,A,1,2,A
2089,6,2021-01-26,29,17,0,5,A,0,4,A
2090,6,2021-01-27,6,2,3,2,H,0,1,A
2091,6,2021-01-27,8,31,0,0,D,0,0,D
2092,6,2021-01-27,5,11,0,0,D,0,0,D
2093,6,2021-01-27,10,15,1,1,D,1,0,H
2094,6,2021-01-27,18,22,1,2,A,0,1,A
2095,6,2021-01-28,27,16,1,3,A,0,1,A
2096,6,2021-01-30,10,20,0,2,A,0,0,D
2097,6,2021-01-30,9,31,1,0,H,0,0,D
2098,6,2021-01-30,17,22,1,0,H,1,0,H
2099,6,2021-01-30,29,11,2,2,D,0,1,A
2100,6,2021-01-30,1,18,0,0,D,0,0,D
2101,6,2021-01-30,23,2,0,1,A,0,1,A
2102,6,2021-01-31,8,6,2,0,H,1,0,H
2103,6,2021-01-31,15,14,1,3,A,1,1,D
2104,6,2021-01-31,30,16,1,3,A,0,0,D
2105,6,2021-01-31,5,27,1,0,H,1,0,H
2106,6,2021-02-02,22,29,2,1,H,0,1,A
2107,6,2021-02-02,31,1,2,1,H,1,1,D
2108,6,2021-02-02,18,23,9,0,H,4,0,H
2109,6,2021-02-02,20,9,1,2,A,1,2,A
2110,6,2021-02-03,6,17,0,2,A,0,2,A
2111,6,2021-02-03,11,15,0,2,A,0,2,A
2112,6,2021-02-03,14,10,1,2,A,0,2,A
2113,6,2021-02-03,2,30,1,3,A,0,0,D
2114,6,2021-02-03,16,5,0,1,A,0,0,D
2115,6,2021-02-04,27,8,0,1,A,0,1,A
2116,6,2021-02-06,2,1,1,0,H,1,0,H
2117,6,2021-02-06,6,5,1,1,D,0,1,A
2118,6,2021-02-06,20,23,3,2,H,3,1,H
2119,6,2021-02-06,11,30,0,0,D,0,0,D
2120,6,2021-02-06,18,10,3,3,D,2,0,H
2121,6,2021-02-07,27,29,2,0,H,0,0,D
2122,6,2021-02-07,31,15,0,0,D,0,0,D
2123,6,2021-02-07,16,17,1,4,A,0,0,D
2124,6,2021-02-07,22,8,1,2,A,0,1,A
2125,6,2021-02-08,14,9,2,0,H,1,0,H
2126,6,2021-02-13,15,16,3,1,H,0,0,D
2127,6,2021-02-13,9,6,0,3,A,0,2,A
2128,6,2021-02-13,17,27,3,0,H,1,0,H
2129,6,2021-02-13,5,2,0,0,D,0,0,D
2130,6,2021-02-14,23,31,1,2,A,1,0,H
2131,6,2021-02-14,29,18,1,1,D,1,1,D
2132,6,2021-02-14,1,14,4,2,H,3,0,H
2133,6,2021-02-14,10,11,0,2,A,0,0,D
2134,6,2021-02-15,30,22,3,0,H,1,0,H
2135,6,2021-02-15,8,20,2,0,H,2,0,H
2136,6,2021-02-17,6,11,1,1,D,0,0,D
2137,6,2021-02-17,10,17,1,3,A,1,1,D
2138,6,2021-02-19,31,14,1,0,H,0,0,D
2139,6,2021-02-20,23,8,1,1,D,1,0,H
2140,6,2021-02-20,6,29,0,0,D,0,0,D
2141,6,2021-02-20,16,10,0,2,A,0,1,A
2142,6,2021-02-20,11,22,1,0,H,0,0,D
2143,6,2021-02-21,30,27,2,1,H,1,0,H
2144,6,2021-02-21,2,15,1,2,A,0,2,A
2145,6,2021-02-21,1,17,0,1,A,0,1,A
2146,6,2021-02-21,18,20,3,1,H,1,1,D
2147,6,2021-02-22,5,9,1,2,A,0,1,A
2148,6,2021-02-23,14,23,3,0,H,0,0,D
2149,6,2021-02-27,17,30,2,1,H,1,1,D
2150,6,2021-02-27,29,5,1,0,H,1,0,H
2151,6,2021-02-27,14,2,0,1,A,0,1,A
2152,6,2021-02-27,20,31,1,1,D,0,0,D
2153,6,2021-02-28,9,11,0,0,D,0,0,D
2154,6,2021-02-28,15,1,1,3,A,1,2,A
2155,6,2021-02-28,27,6,4,0,H,3,0,H
2156,6,2021-02-28,8,18,0,0,D,0,0,D
2157,6,2021-02-28,22,16,0,2,A,0,0,D
2158,6,2021-03-01,10,23,1,0,H,1,0,H
2159,6,2021-03-02,17,31,4,1,H,1,0,H
2160,6,2021-03-03,6,15,1,1,D,1,1,D
2161,6,2021-03-03,22,2,1,0,H,1,0,H
2162,6,2021-03-03,9,18,0,0,D,0,0,D
2163,6,2021-03-04,11,27,0,1,A,0,1,A
2164,6,2021-03-04,29,10,0,1,A,0,0,D
2165,6,2021-03-04,16,8,0,1,A,0,1,A
2166,6,2021-03-06,6,1,1,1,D,1,1,D
2167,6,2021-03-06,22,23,0,2,A,0,1,A
2168,6,2021-03-06,2,31,0,0,D,0,0,D
2169,6,2021-03-06,5,15,1,2,A,1,0,H
2170,6,2021-03-07,29,20,0,0,D,0,0,D
2171,6,2021-03-07,16,11,0,1,A,0,1,A
2172,6,2021-03-07,17,18,0,2,A,0,1,A
2173,6,2021-03-07,27,9,4,1,H,1,1,D
2174,6,2021-03-08,8,10,2,0,H,1,0,H
2175,6,2021-03-08,30,14,2,0,H,2,0,H
2176,6,2021-03-10,17,23,5,2,H,3,1,H
2177,6,2021-03-12,20,2,1,1,D,0,0,D
2178,6,2021-03-13,14,8,0,0,D,0,0,D
2179,6,2021-03-13,9,29,1,0,H,1,0,H
2180,6,2021-03-13,10,6,1,2,A,1,2,A
2181,6,2021-03-13,11,17,0,3,A,0,0,D
2182,6,2021-03-14,23,5,1,2,A,1,1,D
2183,6,2021-03-14,15,22,5,0,H,1,0,H
2184,6,2021-03-14,1,27,2,1,H,1,1,D
2185,6,2021-03-14,18,30,1,0,H,0,0,D
2186,6,2021-03-15,31,16,0,1,A,0,1,A
2187,6,2021-03-19,11,14,1,2,A,1,1,D
2188,6,2021-03-20,5,20,3,0,H,1,0,H
2189,6,2021-03-21,30,1,3,3,D,3,1,H
2190,6,2021-03-21,2,27,0,2,A,0,1,A
2191,6,2021-04-03,8,29,2,5,A,1,2,A
2192,6,2021-04-03,14,22,2,1,H,1,1,D
2193,6,2021-04-03,15,17,0,2,A,0,0,D
2194,6,2021-04-03,1,16,0,3,A,0,0,D
2195,6,2021-04-04,23,6,3,2,H,2,2,D
2196,6,2021-04-04,20,27,2,2,D,1,2,A
2197,6,2021-04-04,2,11,3,1,H,0,0,D
2198,6,2021-04-04,18,5,2,1,H,0,1,A
2199,6,2021-04-05,10,9,1,1,D,0,0,D
2200,6,2021-04-05,31,30,2,3,A,1,3,A
2201,6,2021-04-09,11,31,0,1,A,0,0,D
2202,6,2021-04-10,17,14,1,2,A,0,1,A
2203,6,2021-04-10,16,2,2,1,H,0,1,A
2204,6,2021-04-10,9,8,1,4,A,0,3,A
2205,6,2021-04-11,6,20,1,2,A,1,0,H
2206,6,2021-04-11,30,15,3,2,H,2,0,H
2207,6,2021-04-11,27,18,1,3,A,1,0,H
2208,6,2021-04-11,22,1,0,3,A,0,1,A
2209,6,2021-04-12,29,23,3,0,H,2,0,H
2210,6,2021-04-12,5,10,0,0,D,0,0,D
2211,6,2021-04-16,10,27,2,2,D,1,1,D
2212,6,2021-04-17,20,30,3,2,H,2,0,H
2213,6,2021-04-17,31,22,1,0,H,0,0,D
2214,6,2021-04-18,1,11,1,1,D,0,0,D
2215,6,2021-04-18,18,6,3,1,H,0,0,D
2216,6,2021-04-19,14,16,1,1,D,0,1,A
2217,6,2021-04-20,8,5,0,0,D,0,0,D
2218,6,2021-04-21,27,23,2,1,H,0,1,A
2219,6,2021-04-21,2,17,1,2,A,1,2,A
2220,6,2021-04-22,15,29,3,0,H,3,0,H
2221,6,2021-04-23,1,10,0,1,A,0,0,D
2222,6,2021-04-24,16,20,1,1,D,1,0,H
2223,6,2021-04-24,30,8,0,1,A,0,1,A
2224,6,2021-04-24,22,5,1,0,H,1,0,H
2225,6,2021-04-25,31,6,0,4,A,0,3,A
2226,6,2021-04-25,14,18,0,0,D,0,0,D
2227,6,2021-04-25,2,29,2,2,D,1,1,D
2228,6,2021-04-26,15,9,2,1,H,0,1,A
2229,6,2021-04-30,23,15,1,1,D,0,0,D
2230,6,2021-05-01,9,17,0,2,A,0,0,D
2231,6,2021-05-01,5,14,2,0,H,1,0,H
2232,6,2021-05-01,8,11,2,0,H,1,0,H
2233,6,2021-05-01,10,2,1,2,A,1,1,D
2234,6,2021-05-02,20,1,0,2,A,0,1,A
2235,6,2021-05-02,27,22,4,0,H,1,0,H
2236,6,2021-05-03,29,31,1,1,D,0,1,A
2237,6,2021-05-03,6,30,1,2,A,1,2,A
2238,6,2021-05-07,15,20,2,4,A,0,2,A
2239,6,2021-05-08,14,27,3,1,H,2,1,H
2240,6,2021-05-08,22,9,0,2,A,0,1,A
2241,6,2021-05-08,17,8,1,2,A,1,0,H
2242,6,2021-05-08,16,23,2,0,H,1,0,H
2243,6,2021-05-09,31,5,2,1,H,0,1,A
2244,6,2021-05-09,2,18,1,3,A,1,0,H
2245,6,2021-05-09,30,10,0,1,A,0,1,A
2246,6,2021-05-09,1,29,3,1,H,2,0,H
2247,6,2021-05-10,11,6,0,2,A,0,2,A
2248,6,2021-05-11,18,15,1,2,A,1,1,D
2249,6,2021-05-11,23,9,3,1,H,1,1,D
2250,6,2021-05-12,8,1,0,1,A,0,1,A
2251,6,2021-05-13,2,10,0,0,D,0,0,D
2252,6,2021-05-13,18,16,2,4,A,1,2,A
2253,6,2021-05-14,20,17,3,4,A,2,2,D
2254,6,2021-05-15,6,14,0,4,A,0,1,A
2255,6,2021-05-15,23,11,3,1,H,1,0,H
2256,6,2021-05-15,5,30,1,1,D,0,0,D
2257,6,2021-05-16,9,2,3,2,H,1,2,A
2258,6,2021-05-16,27,31,2,0,H,1,0,H
2259,6,2021-05-16,29,16,1,2,A,1,1,D
2260,6,2021-05-16,10,22,0,1,A,0,1,A
2261,6,2021-05-18,18,11,1,1,D,1,0,H
2262,6,2021-05-18,23,14,0,2,A,0,0,D
2263,6,2021-05-18,5,17,3,2,H,0,1,A
2264,6,2021-05-18,8,15,2,1,H,0,0,D
2265,6,2021-05-19,10,31,1,0,H,0,0,D
2266,6,2021-05-19,20,22,1,0,H,1,0,H
2267,6,2021-05-19,27,2,1,2,A,1,2,A
2268,6,2021-05-19,9,1,1,3,A,0,1,A
2269,6,2021-05-19,6,16,0,3,A,0,1,A
2270,6,2021-05-19,29,30,1,3,A,1,1,D
2271,6,2021-05-23,1,5,2,0,H,0,0,D
2272,6,2021-05-23,2,8,2,1,H,1,0,H
2273,6,2021-05-23,11,20,0,2,A,0,1,A
2274,6,2021-05-23,14,29,3,1,H,2,0,H
2275,6,2021-05-23,15,27,2,4,A,1,1,D
2276,6,2021-05-23,16,9,2,0,H,1,0,H
2277,6,2021-05-23,17,10,5,0,H,2,0,H
2278,6,2021-05-23,22,6,1,0,H,1,0,H
2279,6,2021-05-23,30,23,3,0,H,2,0,H
2280,6,2021-05-23,31,18,1,2,A,1,2,A
2281,7,2021-08-13,4,1,2,0,H,1,0,H
2282,7,2021-08-14,18,14,5,1,H,1,0,H
2283,7,2021-08-14,6,5,1,2,A,1,0,H
2284,7,2021-08-14,8,9,3,0,H,2,0,H
2285,7,2021-08-14,10,23,3,1,H,0,1,A
2286,7,2021-08-14,15,31,1,0,H,1,0,H
2287,7,2021-08-14,28,2,3,2,H,2,0,H
2288,7,2021-08-14,21,16,0,3,A,0,1,A
2289,7,2021-08-15,20,30,2,4,A,2,1,H
2290,7,2021-08-15,27,17,1,0,H,0,0,D
2291,7,2021-08-21,16,6,2,0,H,1,0,H
2292,7,2021-08-21,2,20,2,0,H,1,0,H
2293,7,2021-08-21,9,4,0,0,D,0,0,D
2294,7,2021-08-21,14,10,2,2,D,1,1,D
2295,7,2021-08-21,17,21,5,0,H,2,0,H
2296,7,2021-08-21,5,28,2,0,H,2,0,H
2297,7,2021-08-22,23,18,1,1,D,1,0,H
2298,7,2021-08-22,31,27,0,1,A,0,1,A
2299,7,2021-08-22,1,8,0,2,A,0,2,A
2300,7,2021-08-23,30,15,4,1,H,1,0,H
2301,7,2021-08-28,17,1,5,0,H,3,0,H
2302,7,2021-08-28,2,4,1,1,D,1,1,D
2303,7,2021-08-28,5,10,0,2,A,0,1,A
2304,7,2021-08-28,20,23,2,2,D,0,0,D
2305,7,2021-08-28,21,15,1,2,A,1,1,D
2306,7,2021-08-28,30,9,2,2,D,1,0,H
2307,7,2021-08-28,16,8,1,1,D,1,1,D
2308,7,2021-08-29,6,14,1,1,D,0,0,D
2309,7,2021-08-29,27,28,1,0,H,1,0,H
2310,7,2021-08-29,31,18,0,1,A,0,0,D
2311,7,2021-09-11,9,27,3,0,H,0,0,D
2312,7,2021-09-11,1,21,1,0,H,0,0,D
2313,7,2021-09-11,4,5,0,1,A,0,0,D
2314,7,2021-09-11,15,17,0,1,A,0,0,D
2315,7,2021-09-11,18,20,4,1,H,1,0,H
2316,7,2021-09-11,23,30,0,0,D,0,0,D
2317,7,2021-09-11,28,31,0,2,A,0,0,D
2318,7,2021-09-11,8,2,3,0,H,1,0,H
2319,7,2021-09-12,14,16,0,3,A,0,1,A
2320,7,2021-09-13,10,6,3,1,H,0,0,D
2321,7,2021-09-17,20,14,1,1,D,1,1,D
2322,7,2021-09-18,31,4,0,2,A,0,2,A
2323,7,2021-09-18,6,1,0,1,A,0,1,A
2324,7,2021-09-18,16,9,3,0,H,1,0,H
2325,7,2021-09-18,17,23,0,0,D,0,0,D
2326,7,2021-09-18,21,28,1,3,A,1,1,D
2327,7,2021-09-18,2,10,3,0,H,0,0,D
2328,7,2021-09-19,5,15,2,1,H,1,0,H
2329,7,2021-09-19,30,18,1,2,A,1,1,D
2330,7,2021-09-19,27,8,0,3,A,0,0,D
2331,7,2021-09-25,8,17,0,1,A,0,0,D
2332,7,2021-09-25,18,2,0,1,A,0,0,D
2333,7,2021-09-25,10,21,2,0,H,1,0,H
2334,7,2021-09-25,14,30,1,2,A,1,0,H
2335,7,2021-09-25,15,6,2,2,D,1,2,A
2336,7,2021-09-25,28,20,1,1,D,0,1,A
2337,7,2021-09-25,4,16,3,3,D,1,1,D
2338,7,2021-09-26,23,31,0,1,A,0,0,D
2339,7,2021-09-26,1,27,3,1,H,3,0,H
2340,7,2021-09-27,9,5,1,1,D,1,0,H
2341,7,2021-10-02,18,10,1,1,D,1,0,H
2342,7,2021-10-02,6,21,0,0,D,0,0,D
2343,7,2021-10-02,8,23,3,1,H,1,0,H
2344,7,2021-10-02,14,28,1,0,H,1,0,H
2345,7,2021-10-02,31,20,2,1,H,1,1,D
2346,7,2021-10-02,5,1,0,0,D,0,0,D
2347,7,2021-10-03,9,15,2,2,D,0,2,A
2348,7,2021-10-03,27,2,2,1,H,1,0,H
2349,7,2021-10-03,30,4,1,2,A,0,1,A
2350,7,2021-10-03,16,17,2,2,D,0,0,D
2351,7,2021-10-16,28,16,0,5,A,0,2,A
2352,7,2021-10-16,2,31,2,3,A,0,0,D
2353,7,2021-10-16,15,18,4,2,H,1,1,D
2354,7,2021-10-16,17,6,2,0,H,1,0,H
2355,7,2021-10-16,21,5,0,0,D,0,0,D
2356,7,2021-10-16,23,14,1,0,H,0,0,D
2357,7,2021-10-16,4,8,0,1,A,0,1,A
2358,7,2021-10-17,10,30,0,1,A,0,0,D
2359,7,2021-10-17,20,27,2,3,A,1,3,A
2360,7,2021-10-18,1,9,2,2,D,1,0,H
2361,7,2021-10-22,1,2,3,1,H,2,0,H
2362,7,2021-10-23,8,21,7,0,H,3,0,H
2363,7,2021-10-23,9,20,1,1,D,0,0,D
2364,7,2021-10-23,10,28,2,5,A,1,1,D
2365,7,2021-10-23,14,31,1,1,D,0,1,A
2366,7,2021-10-23,23,6,2,2,D,1,1,D
2367,7,2021-10-23,5,17,1,4,A,0,3,A
2368,7,2021-10-24,4,15,1,2,A,0,1,A
2369,7,2021-10-24,30,27,1,0,H,0,0,D
2370,7,2021-10-24,18,16,0,5,A,0,4,A
2371,7,2021-10-30,15,1,0,2,A,0,2,A
2372,7,2021-10-30,6,4,3,1,H,3,0,H
2373,7,2021-10-30,16,5,2,2,D,2,1,H
2374,7,2021-10-30,17,9,0,2,A,0,1,A
2375,7,2021-10-30,20,8,0,3,A,0,0,D
2376,7,2021-10-30,28,23,0,1,A,0,1,A
2377,7,2021-10-30,27,18,0,3,A,0,1,A
2378,7,2021-10-31,21,14,1,2,A,0,0,D
2379,7,2021-10-31,2,30,1,4,A,1,2,A
2380,7,2021-11-01,31,10,2,1,H,2,0,H
2381,7,2021-11-05,23,2,1,0,H,1,0,H
2382,7,2021-11-06,18,17,0,2,A,0,2,A
2383,7,2021-11-06,4,21,1,2,A,0,2,A
2384,7,2021-11-06,8,6,1,1,D,1,0,H
2385,7,2021-11-06,9,31,2,0,H,0,0,D
2386,7,2021-11-06,5,20,1,1,D,1,0,H
2387,7,2021-11-07,1,28,1,0,H,0,0,D
2388,7,2021-11-07,10,27,0,0,D,0,0,D
2389,7,2021-11-07,14,15,1,1,D,1,1,D
2390,7,2021-11-07,30,16,3,2,H,1,1,D
2391,7,2021-11-20,15,8,0,3,A,0,2,A
2392,7,2021-11-20,2,5,2,0,H,0,0,D
2393,7,2021-11-20,6,9,3,3,D,2,3,A
2394,7,2021-11-20,20,4,3,3,D,2,2,D
2395,7,2021-11-20,21,23,2,1,H,1,1,D
2396,7,2021-11-20,28,18,4,1,H,2,0,H
2397,7,2021-11-20,31,30,1,0,H,0,0,D
2398,7,2021-11-20,16,1,4,0,H,1,0,H
2399,7,2021-11-21,17,10,3,0,H,1,0,H
2400,7,2021-11-21,27,14,2,1,H,0,1,A
2401,7,2021-11-27,1,20,2,0,H,0,0,D
2402,7,2021-11-27,9,2,1,2,A,0,1,A
2403,7,2021-11-27,16,23,4,0,H,3,0,H
2404,7,2021-11-27,21,31,0,0,D,0,0,D
2405,7,2021-11-27,5,14,0,0,D,0,0,D
2406,7,2021-11-28,4,10,1,0,H,1,0,H
2407,7,2021-11-28,15,28,4,2,H,3,1,H
2408,7,2021-11-28,17,30,2,1,H,1,0,H
2409,7,2021-11-28,8,18,1,1,D,0,0,D
2410,7,2021-11-30,20,21,1,1,D,0,0,D
2411,7,2021-11-30,14,9,1,0,H,0,0,D
2412,7,2021-12-01,23,15,2,2,D,2,1,H
2413,7,2021-12-01,28,8,1,2,A,1,1,D
2414,7,2021-12-01,30,5,1,1,D,1,0,H
2415,7,2021-12-01,31,6,0,0,D,0,0,D
2416,7,2021-12-01,2,17,1,2,A,0,2,A
2417,7,2021-12-01,10,16,1,4,A,1,2,A
2418,7,2021-12-02,27,4,2,0,H,1,0,H
2419,7,2021-12-02,18,1,3,2,H,1,1,D
2420,7,2021-12-04,30,8,3,2,H,1,2,A
2421,7,2021-12-04,20,6,1,0,H,1,0,H
2422,7,2021-12-04,23,5,1,1,D,1,0,H
2423,7,2021-12-04,31,16,0,1,A,0,0,D
2424,7,2021-12-04,28,17,1,3,A,0,2,A
2425,7,2021-12-05,14,4,2,2,D,1,0,H
2426,7,2021-12-05,18,9,1,0,H,0,0,D
2427,7,2021-12-05,27,21,3,0,H,1,0,H
2428,7,2021-12-05,2,15,2,1,H,1,1,D
2429,7,2021-12-06,10,1,2,1,H,0,1,A
2430,7,2021-12-10,4,28,2,1,H,0,1,A
2431,7,2021-12-11,17,31,1,0,H,0,0,D
2432,7,2021-12-11,1,23,3,0,H,2,0,H
2433,7,2021-12-11,8,14,3,2,H,1,1,D
2434,7,2021-12-11,16,2,1,0,H,0,0,D
2435,7,2021-12-11,21,18,0,1,A,0,0,D
2436,7,2021-12-12,6,30,0,0,D,0,0,D
2437,7,2021-12-12,15,20,4,0,H,1,0,H
2438,7,2021-12-12,9,10,3,1,H,1,0,H
2439,7,2021-12-14,21,2,0,2,A,0,1,A
2440,7,2021-12-14,17,14,7,0,H,3,0,H
2441,7,2021-12-15,5,31,0,1,A,0,1,A
2442,7,2021-12-15,9,23,2,2,D,1,2,A
2443,7,2021-12-15,1,30,2,0,H,0,0,D
2444,7,2021-12-16,8,10,1,1,D,0,0,D
2445,7,2021-12-16,16,20,3,1,H,2,1,H
2446,7,2021-12-18,14,1,1,4,A,0,3,A
2447,7,2021-12-19,20,17,0,4,A,0,2,A
2448,7,2021-12-19,31,8,0,0,D,0,0,D
2449,7,2021-12-19,27,16,2,2,D,1,1,D
2450,7,2021-12-26,17,15,6,3,H,4,0,H
2451,7,2021-12-26,21,1,0,5,A,0,2,A
2452,7,2021-12-26,27,9,3,0,H,2,0,H
2453,7,2021-12-26,30,23,2,3,A,0,1,A
2454,7,2021-12-26,2,8,1,3,A,1,1,D
2455,7,2021-12-26,5,4,2,0,H,2,0,H
2456,7,2021-12-27,20,18,1,1,D,1,0,H
2457,7,2021-12-28,9,21,3,0,H,3,0,H
2458,7,2021-12-28,23,27,1,1,D,1,1,D
2459,7,2021-12-28,28,30,1,4,A,1,2,A
2460,7,2021-12-28,15,16,1,0,H,0,0,D
2461,7,2021-12-29,8,5,1,1,D,1,0,H
2462,7,2021-12-29,4,17,0,1,A,0,1,A
2463,7,2021-12-30,18,6,3,1,H,3,1,H
2464,7,2022-01-01,1,17,1,2,A,1,0,H
2465,7,2022-01-01,28,27,0,1,A,0,0,D
2466,7,2022-01-01,9,30,2,3,A,0,3,A
2467,7,2022-01-02,4,2,2,1,H,1,1,D
2468,7,2022-01-02,10,5,2,3,A,0,2,A
2469,7,2022-01-02,14,6,3,1,H,1,0,H
2470,7,2022-01-02,8,16,2,2,D,2,2,D
2471,7,2022-01-03,18,31,0,1,A,0,0,D
2472,7,2022-01-11,23,4,4,1,H,2,1,H
2473,7,2022-01-12,30,21,2,0,H,1,0,H
2474,7,2022-01-14,5,9,1,1,D,0,0,D
2475,7,2022-01-15,17,8,1,0,H,0,0,D
2476,7,2022-01-15,20,28,1,1,D,0,0,D
2477,7,2022-01-15,21,10,2,1,H,2,0,H
2478,7,2022-01-15,31,23,3,1,H,1,0,H
2479,7,2022-01-15,2,18,2,2,D,0,1,A
2480,7,2022-01-16,16,4,3,0,H,1,0,H
2481,7,2022-01-16,30,14,2,3,A,1,2,A
2482,7,2022-01-18,5,8,1,1,D,0,1,A
2483,7,2022-01-19,15,27,2,3,A,1,1,D
2484,7,2022-01-19,4,18,1,3,A,0,0,D
2485,7,2022-01-21,28,21,0,3,A,0,0,D
2486,7,2022-01-22,10,2,0,1,A,0,1,A
2487,7,2022-01-22,4,31,1,2,A,0,0,D
2488,7,2022-01-22,14,20,0,1,A,0,0,D
2489,7,2022-01-22,18,30,1,0,H,0,0,D
2490,7,2022-01-22,23,17,1,1,D,1,0,H
2491,7,2022-01-23,1,6,0,0,D,0,0,D
2492,7,2022-01-23,9,16,1,3,A,0,2,A
2493,7,2022-01-23,15,5,1,1,D,0,0,D
2494,7,2022-01-23,8,27,2,0,H,0,0,D
2495,7,2022-02-05,6,28,0,0,D,0,0,D
2496,7,2022-02-08,20,10,3,1,H,1,1,D
2497,7,2022-02-08,30,28,1,0,H,0,0,D
2498,7,2022-02-08,6,18,1,1,D,0,1,A
2499,7,2022-02-09,17,4,2,0,H,1,0,H
2500,7,2022-02-09,21,9,1,1,D,1,0,H
2501,7,2022-02-09,27,23,2,3,A,1,1,D
2502,7,2022-02-09,2,14,3,3,D,3,2,H
2503,7,2022-02-10,16,15,2,0,H,1,0,H
2504,7,2022-02-10,31,1,0,1,A,0,1,A
2505,7,2022-02-12,18,23,1,1,D,1,0,H
2506,7,2022-02-12,4,9,0,0,D,0,0,D
2507,7,2022-02-12,10,14,3,0,H,2,0,H
2508,7,2022-02-12,28,5,0,2,A,0,1,A
2509,7,2022-02-12,21,17,0,4,A,0,1,A
2510,7,2022-02-13,6,16,0,1,A,0,1,A
2511,7,2022-02-13,20,2,1,0,H,1,0,H
2512,7,2022-02-13,27,31,0,2,A,0,2,A
2513,7,2022-02-13,15,30,2,2,D,1,1,D
2514,7,2022-02-15,18,5,2,0,H,0,0,D
2515,7,2022-02-19,30,20,1,1,D,1,1,D
2516,7,2022-02-19,1,4,2,1,H,0,0,D
2517,7,2022-02-19,2,28,0,1,A,0,0,D
2518,7,2022-02-19,5,6,0,3,A,0,2,A
2519,7,2022-02-19,9,8,0,1,A,0,0,D
2520,7,2022-02-19,16,21,3,1,H,0,0,D
2521,7,2022-02-19,23,10,2,0,H,0,0,D
2522,7,2022-02-19,17,27,2,3,A,1,1,D
2523,7,2022-02-20,14,18,2,4,A,0,2,A
2524,7,2022-02-20,31,15,2,1,H,1,1,D
2525,7,2022-02-23,6,27,1,0,H,0,0,D
2526,7,2022-02-23,28,9,1,4,A,1,2,A
2527,7,2022-02-23,16,14,6,0,H,3,0,H
2528,7,2022-02-24,1,31,2,1,H,0,1,A
2529,7,2022-02-25,23,21,2,0,H,1,0,H
2530,7,2022-02-26,14,27,0,4,A,0,3,A
2531,7,2022-02-26,4,20,0,2,A,0,2,A
2532,7,2022-02-26,9,6,1,1,D,1,0,H
2533,7,2022-02-26,18,28,0,0,D,0,0,D
2534,7,2022-02-26,5,2,0,2,A,0,1,A
2535,7,2022-02-26,10,17,0,1,A,0,0,D
2536,7,2022-02-27,30,31,1,0,H,0,0,D
2537,7,2022-03-01,6,15,0,2,A,0,0,D
2538,7,2022-03-05,15,14,1,0,H,0,0,D
2539,7,2022-03-05,2,23,4,0,H,2,0,H
2540,7,2022-03-05,6,8,0,4,A,0,0,D
2541,7,2022-03-05,20,5,2,1,H,2,0,H
2542,7,2022-03-05,21,4,1,3,A,0,1,A
2543,7,2022-03-05,31,9,0,2,A,0,2,A
2544,7,2022-03-05,16,30,1,0,H,1,0,H
2545,7,2022-03-06,28,1,2,3,A,1,2,A
2546,7,2022-03-06,17,18,4,1,H,2,1,H
2547,7,2022-03-07,27,10,5,0,H,3,0,H
2548,7,2022-03-10,21,8,1,3,A,0,2,A
2549,7,2022-03-10,23,20,1,2,A,1,1,D
2550,7,2022-03-10,31,28,4,0,H,2,0,H
2551,7,2022-03-10,14,2,0,3,A,0,1,A
2552,7,2022-03-12,5,16,0,2,A,0,1,A
2553,7,2022-03-12,4,6,2,0,H,0,0,D
2554,7,2022-03-12,18,27,3,2,H,2,1,H
2555,7,2022-03-13,8,20,1,0,H,0,0,D
2556,7,2022-03-13,10,31,0,1,A,0,0,D
2557,7,2022-03-13,14,21,2,1,H,1,0,H
2558,7,2022-03-13,23,28,1,2,A,1,2,A
2559,7,2022-03-13,30,2,2,1,H,0,0,D
2560,7,2022-03-13,1,15,2,0,H,1,0,H
2561,7,2022-03-14,9,17,0,0,D,0,0,D
2562,7,2022-03-16,5,27,0,2,A,0,1,A
2563,7,2022-03-16,1,16,0,2,A,0,0,D
2564,7,2022-03-17,10,20,1,0,H,0,0,D
2565,7,2022-03-18,31,14,2,3,A,2,0,H
2566,7,2022-03-19,2,1,0,1,A,0,1,A
2567,7,2022-03-20,15,4,2,1,H,2,0,H
2568,7,2022-03-20,27,30,3,1,H,2,1,H
2569,7,2022-04-02,16,28,2,0,H,1,0,H
2570,7,2022-04-02,5,21,0,0,D,0,0,D
2571,7,2022-04-02,6,17,0,2,A,0,2,A
2572,7,2022-04-02,8,4,1,4,A,0,0,D
2573,7,2022-04-02,14,23,1,1,D,1,0,H
2574,7,2022-04-02,31,2,2,1,H,2,0,H
2575,7,2022-04-02,18,15,1,1,D,0,0,D
2576,7,2022-04-03,30,10,2,1,H,1,0,H
2577,7,2022-04-03,27,20,5,1,H,1,1,D
2578,7,2022-04-04,9,1,3,0,H,2,0,H
2579,7,2022-04-06,6,10,3,2,H,1,2,A
2580,7,2022-04-08,20,31,1,0,H,0,0,D
2581,7,2022-04-09,10,18,1,0,H,1,0,H
2582,7,2022-04-09,1,5,1,2,A,0,1,A
2583,7,2022-04-09,23,8,0,6,A,0,4,A
2584,7,2022-04-09,28,14,0,3,A,0,1,A
2585,7,2022-04-09,2,27,0,4,A,0,1,A
2586,7,2022-04-10,4,30,2,0,H,0,0,D
2587,7,2022-04-10,15,9,2,1,H,2,0,H
2588,7,2022-04-10,21,6,2,0,H,1,0,H
2589,7,2022-04-10,17,16,2,2,D,2,1,H
2590,7,2022-04-16,27,5,0,1,A,0,0,D
2591,7,2022-04-16,18,21,3,2,H,2,1,H
2592,7,2022-04-16,23,1,1,0,H,1,0,H
2593,7,2022-04-16,28,4,1,2,A,0,1,A
2594,7,2022-04-17,20,15,2,1,H,1,1,D
2595,7,2022-04-17,30,6,1,1,D,0,1,A
2596,7,2022-04-19,16,18,4,0,H,2,0,H
2597,7,2022-04-20,8,1,2,4,A,2,2,D
2598,7,2022-04-20,10,15,1,1,D,0,1,A
2599,7,2022-04-20,20,9,1,0,H,1,0,H
2600,7,2022-04-20,17,5,3,0,H,0,0,D
2601,7,2022-04-21,6,23,2,0,H,2,0,H
2602,7,2022-04-23,1,18,3,1,H,2,1,H
2603,7,2022-04-23,15,2,0,0,D,0,0,D
2604,7,2022-04-23,17,28,5,1,H,3,1,H
2605,7,2022-04-23,21,20,0,3,A,0,2,A
2606,7,2022-04-23,4,27,0,0,D,0,0,D
2607,7,2022-04-24,5,23,2,2,D,2,1,H
2608,7,2022-04-24,6,31,1,0,H,0,0,D
2609,7,2022-04-24,8,30,1,0,H,0,0,D
2610,7,2022-04-24,16,10,2,0,H,0,0,D
2611,7,2022-04-25,9,14,0,0,D,0,0,D
2612,7,2022-04-28,18,8,1,1,D,0,0,D
2613,7,2022-04-30,20,16,0,1,A,0,1,A
2614,7,2022-04-30,2,21,2,0,H,1,0,H
2615,7,2022-04-30,23,9,1,2,A,1,0,H
2616,7,2022-04-30,28,6,1,2,A,1,0,H
2617,7,2022-04-30,31,5,0,3,A,0,1,A
2618,7,2022-04-30,14,17,0,4,A,0,1,A
2619,7,2022-05-01,10,8,1,0,H,0,0,D
2620,7,2022-05-01,27,15,3,1,H,1,0,H
2621,7,2022-05-01,30,1,1,2,A,1,1,D
2622,7,2022-05-02,18,4,3,0,H,1,0,H
2623,7,2022-05-07,4,23,3,0,H,2,0,H
2624,7,2022-05-07,6,2,1,3,A,0,2,A
2625,7,2022-05-07,8,31,2,2,D,0,0,D
2626,7,2022-05-07,9,28,1,0,H,1,0,H
2627,7,2022-05-07,5,18,4,0,H,1,0,H
2628,7,2022-05-07,16,27,1,1,D,0,0,D
2629,7,2022-05-08,1,14,2,1,H,2,0,H
2630,7,2022-05-08,15,10,1,2,A,1,2,A
2631,7,2022-05-08,21,30,0,4,A,0,3,A
2632,7,2022-05-08,17,20,5,0,H,2,0,H
2633,7,2022-05-10,2,16,1,2,A,1,1,D
2634,7,2022-05-11,14,8,0,3,A,0,1,A
2635,7,2022-05-11,15,21,3,0,H,0,0,D
2636,7,2022-05-11,28,10,0,0,D,0,0,D
2637,7,2022-05-11,31,17,1,5,A,1,3,A
2638,7,2022-05-12,27,1,3,0,H,2,0,H
2639,7,2022-05-15,27,6,1,0,H,1,0,H
2640,7,2022-05-15,2,9,1,1,D,0,0,D
2641,7,2022-05-15,14,5,1,1,D,0,1,A
2642,7,2022-05-15,28,15,1,5,A,1,2,A
2643,7,2022-05-15,30,17,2,2,D,2,0,H
2644,7,2022-05-15,31,21,1,1,D,0,1,A
2645,7,2022-05-15,10,4,2,3,A,2,1,H
2646,7,2022-05-16,20,1,2,0,H,0,0,D
2647,7,2022-05-17,23,16,1,2,A,1,1,D
2648,7,2022-05-19,10,9,3,2,H,0,2,A
2649,7,2022-05-19,2,6,1,1,D,0,1,A
2650,7,2022-05-19,8,15,1,1,D,1,1,D
2651,7,2022-05-22,1,10,5,1,H,2,1,H
2652,7,2022-05-22,4,14,1,2,A,0,0,D
2653,7,2022-05-22,5,30,3,1,H,0,1,A
2654,7,2022-05-22,6,20,1,2,A,0,1,A
2655,7,2022-05-22,8,28,2,1,H,1,0,H
2656,7,2022-05-22,9,18,1,0,H,1,0,H
2657,7,2022-05-22,15,23,4,1,H,0,0,D
2658,7,2022-05-22,16,31,3,1,H,1,1,D
2659,7,2022-05-22,17,2,3,2,H,0,1,A
2660,7,2022-05-22,21,27,0,5,A,0,2,A
